filename,filepath,parse_success,error,title,composer,num_parts,num_measures,actual_measures,num_notes,num_chords,num_rest,num_accidentals,accidental_ratio,pitch_min,pitch_max,pitch_range_semitones,num_large_leaps,large_leap_ratio,max_large_leap_semitones,max_polyphony,duration_quarter_lengths,note_density,chord_ratio,tempo_bpm,time_signatures,key_signature_sharps,no_key_signature,right_hand_single_notes,right_hand_chords,left_hand_single_notes,left_hand_chords,left_hand_melody_range_semitones,left_hand_is_melody,selected
3544951_Avatar_The_Last_Airbender_Medley_1__Music_by_Jeremy_Zuckerman__m124-131__c001703.musicxml,candidate_musicxml_full_bothhands\3544951_Avatar_The_Last_Airbender_Medley_1__Music_by_Jeremy_Zuckerman__m124-131__c001703.musicxml,True,,Avatar: The Last Airbender ,Music by Jeremy Zuckerman,2,16,8,60,8,0,0,0.0,C2,G4,31,1,0.023809523809523808,12,4,32.0,1.875,0.15384615384615385,,4/4,0,True,39,2,5,6,19,False,True
ABBA_Mamma_Mia_Easy_Piano__ABBA__m034-041__c002006.musicxml,candidate_musicxml_full_bothhands\ABBA_Mamma_Mia_Easy_Piano__ABBA__m034-041__c002006.musicxml,True,,ABBA_Mamma Mia_Easy Piano,Abby Hou,2,16,8,78,4,13,2,0.02564102564102564,G2,G5,36,1,0.015625,10,4,32.0,2.4375,0.05714285714285714,,4/4,0,True,36,0,30,4,10,False,True
ABBA_Mamma_Mia_Easy_Piano__ABBA__m039-046__c002007.musicxml,candidate_musicxml_full_bothhands\ABBA_Mamma_Mia_Easy_Piano__ABBA__m039-046__c002007.musicxml,True,,ABBA_Mamma Mia_Easy Piano,Abby Hou,2,16,8,93,8,12,2,0.021505376344086023,G2,F5,34,1,0.014925373134328358,10,4,31.5,2.9523809523809526,0.1038961038961039,,4/4,0,True,40,0,29,8,10,False,True
ABBA_Thank_You_For_The_Music_Easy_Piano__ABBA__m007-014__c003650.musicxml,candidate_musicxml_full_bothhands\ABBA_Thank_You_For_The_Music_Easy_Piano__ABBA__m007-014__c003650.musicxml,True,,ABBA_ThankYouForTheMusic_Easy_Piano,,2,16,8,86,8,4,7,0.08139534883720931,C3,A5,33,1,0.014925373134328358,10,4,32.0,2.6875,0.1038961038961039,,4/4,0,True,45,0,24,8,17,False,True
Actually_decent_for_once__Me__m001-008__c003503.musicxml,candidate_musicxml_full_bothhands\Actually_decent_for_once__Me__m001-008__c003503.musicxml,True,,Title,Composer,2,16,8,69,9,9,0,0.0,D1,E7,74,1,0.023255813953488372,14,4,32.0,2.15625,0.16666666666666666,160.0,4/4,0,True,21,0,24,9,9,False,True
Actually_decent_for_once__Me__m008-015__c003504.musicxml,candidate_musicxml_full_bothhands\Actually_decent_for_once__Me__m008-015__c003504.musicxml,True,,Title,Composer,2,16,8,90,3,3,0,0.0,C2,E6,52,1,0.012658227848101266,14,4,32.0,2.8125,0.03571428571428571,,4/4,0,True,17,3,64,0,9,False,True
Actually_decent_for_once__Me__m013-020__c003505.musicxml,candidate_musicxml_full_bothhands\Actually_decent_for_once__Me__m013-020__c003505.musicxml,True,,Title,Composer,2,16,8,101,7,6,0,0.0,A1,E6,55,1,0.01282051282051282,14,4,32.0,3.15625,0.08045977011494253,,4/4,0,True,25,7,55,0,12,False,True
Adolgard_Anthem__Neyliece__m036-043__c000952.musicxml,candidate_musicxml_full_bothhands\Adolgard_Anthem__Neyliece__m036-043__c000952.musicxml,True,,Ottoman Ballad ,Neyliece,2,16,8,67,5,7,0,0.0,B2,E5,29,1,0.0196078431372549,12,4,32.0,2.09375,0.08771929824561403,,4/4,0,True,52,0,0,5,0,False,True
Age__NA__m036-043__c000325.musicxml,candidate_musicxml_full_bothhands\Age__NA__m036-043__c000325.musicxml,True,,k,,2,16,8,95,2,0,3,0.031578947368421054,E2,E5,36,1,0.011235955056179775,10,3,32.0,2.96875,0.021505376344086023,,4/4,0,True,48,1,43,1,20,False,True
Ah_vous_dirai-je_Maman_1_var__Mozart__m001-008__c003705.musicxml,candidate_musicxml_full_bothhands\Ah_vous_dirai-je_Maman_1_var__Mozart__m001-008__c003705.musicxml,True,,"Ah vous dirai-je, Maman",Mozart,2,16,8,72,1,4,3,0.041666666666666664,C3,E6,40,1,0.014705882352941176,12,3,16.0,4.5,0.014084507042253521,,2/4,0,True,53,0,17,1,17,False,True
Alabaster__NA__m027-034__c003690.musicxml,candidate_musicxml_full_bothhands\Alabaster__NA__m027-034__c003690.musicxml,True,,2020 - piano 1.27,,2,16,8,82,2,1,8,0.0975609756097561,D2,D5,36,1,0.013157894736842105,10,2,32.0,2.5625,0.025,,4/4,0,True,41,2,37,0,21,False,True
Alabaster__NA__m034-041__c003691.musicxml,candidate_musicxml_full_bothhands\Alabaster__NA__m034-041__c003691.musicxml,True,,2020 - piano 1.27,,2,16,8,81,9,3,5,0.06172839506172839,A1,D5,41,2,0.03278688524590164,11,2,32.0,2.53125,0.125,,4/4,0,True,32,9,31,0,27,False,True
All_Falls_Down__Alan_Walker__m016-023__c002383.musicxml,candidate_musicxml_full_bothhands\All_Falls_Down__Alan_Walker__m016-023__c002383.musicxml,True,,All Falls Down,Alan Walker,2,16,8,63,5,5,0,0.0,F2,E4,23,2,0.0392156862745098,11,3,32.0,1.96875,0.08620689655172414,,4/4,0,True,32,0,21,5,19,False,True
All_Falls_Down__Alan_Walker__m029-036__c002384.musicxml,candidate_musicxml_full_bothhands\All_Falls_Down__Alan_Walker__m029-036__c002384.musicxml,True,,All Falls Down,Alan Walker,2,16,8,52,6,4,0,0.0,F2,A4,28,1,0.02631578947368421,11,3,32.0,1.625,0.13043478260869565,,4/4,0,True,22,0,18,6,14,False,True
All_Falls_Down__Alan_Walker__m042-049__c002385.musicxml,candidate_musicxml_full_bothhands\All_Falls_Down__Alan_Walker__m042-049__c002385.musicxml,True,,All Falls Down,Alan Walker,2,16,8,64,8,0,0,0.0,F2,A4,28,2,0.043478260869565216,11,3,32.0,2.0,0.14285714285714285,,4/4,0,True,24,0,24,8,14,False,True
All_Falls_Down__Alan_Walker__m062-069__c002386.musicxml,candidate_musicxml_full_bothhands\All_Falls_Down__Alan_Walker__m062-069__c002386.musicxml,True,,All Falls Down,Alan Walker,2,16,8,62,8,4,0,0.0,F2,C5,31,2,0.047619047619047616,15,4,32.0,1.9375,0.15384615384615385,,4/4,0,True,26,0,18,8,14,False,True
All_Falls_Down__Alan_Walker__m074-081__c002387.musicxml,candidate_musicxml_full_bothhands\All_Falls_Down__Alan_Walker__m074-081__c002387.musicxml,True,,All Falls Down,Alan Walker,2,16,8,54,2,6,0,0.0,F2,G4,26,2,0.041666666666666664,11,3,32.0,1.6875,0.038461538461538464,,4/4,0,True,28,0,22,2,19,False,True
All_Falls_Down__Alan_Walker__m109-116__c001028.musicxml,candidate_musicxml_full_bothhands\All_Falls_Down__Alan_Walker__m109-116__c001028.musicxml,True,,All Falls Down,Alan Walker,2,16,8,45,3,3,0,0.0,F2,C5,31,2,0.05714285714285714,15,4,32.0,1.40625,0.075,,4/4,0,True,23,0,14,3,16,False,True
All_Falls_Down__Alan_Walker__m109-116__c002388.musicxml,candidate_musicxml_full_bothhands\All_Falls_Down__Alan_Walker__m109-116__c002388.musicxml,True,,All Falls Down,Alan Walker,2,16,8,45,3,3,0,0.0,F2,C5,31,2,0.05714285714285714,15,4,32.0,1.40625,0.075,,4/4,0,True,23,0,14,3,16,False,True
Alphabet_Song__ng_An__m001-008__c002523.musicxml,candidate_musicxml_full_bothhands\Alphabet_Song__ng_An__m001-008__c002523.musicxml,True,,Alphabet Song,Đặng An,2,16,8,61,1,0,0,0.0,G2,A4,26,1,0.017543859649122806,12,3,32.0,1.90625,0.016666666666666666,,4/4,0,True,29,0,30,1,14,False,True
Andr_Sonatina_-_Op._34_No._1__Johann_Anton_Andr__m025-032__c002082.musicxml,candidate_musicxml_full_bothhands\Andr_Sonatina_-_Op._34_No._1__Johann_Anton_Andr__m025-032__c002082.musicxml,True,,Sonatina,Johann Anton André,2,16,8,85,6,0,1,0.011764705882352941,G2,F5,34,1,0.014084507042253521,12,3,15.0,5.666666666666667,0.0759493670886076,,2/4,0,True,32,6,41,0,24,False,True
Andr_Sonatina_-_Op._34_No._1__Johann_Anton_Andr__m044-051__c002083.musicxml,candidate_musicxml_full_bothhands\Andr_Sonatina_-_Op._34_No._1__Johann_Anton_Andr__m044-051__c002083.musicxml,True,,Sonatina,Johann Anton André,2,16,8,75,1,8,4,0.05333333333333334,G2,F5,34,1,0.014084507042253521,15,3,16.0,4.6875,0.013513513513513514,,2/4,0,True,38,1,35,0,31,False,True
Andr_Sonatina_-_Op._34_No._1__Johann_Anton_Andr__m049-056__c002084.musicxml,candidate_musicxml_full_bothhands\Andr_Sonatina_-_Op._34_No._1__Johann_Anton_Andr__m049-056__c002084.musicxml,True,,Sonatina,Johann Anton André,2,16,8,87,6,0,1,0.011494252873563218,G2,F5,34,1,0.0136986301369863,12,3,16.0,5.4375,0.07407407407407407,,2/4,0,True,33,6,42,0,24,False,True
And_Then_the_Girl_Went_Mad_Ending_Tale_on_a_Moonlit_Night_vocaloid_song_-_intermediate__mothy_Akuno-P_Arr._Lilianialoy__m058-065__c000766.musicxml,candidate_musicxml_full_bothhands\And_Then_the_Girl_Went_Mad_Ending_Tale_on_a_Moonlit_Night_vocaloid_song_-_intermediate__mothy_Akuno-P_Arr._Lilianialoy__m058-065__c000766.musicxml,True,,Fifth Pierrot,mothy/Akuno-P Arr. Lilianialoy,2,16,8,101,8,0,3,0.0297029702970297,A2,A6,48,2,0.024096385542168676,14,3,32.0,3.15625,0.08602150537634409,,4/4,0,True,48,8,37,0,17,False,True
Arabesque__F.Burm_ller__m013-020__c002704.musicxml,candidate_musicxml_full_bothhands\Arabesque__F.Burm_ller__m013-020__c002704.musicxml,True,,Arabesque ,F.Burmüller,2,16,8,61,2,5,6,0.09836065573770492,G#3,A5,25,1,0.018867924528301886,12,4,16.0,3.8125,0.03508771929824561,,2/4,0,True,21,0,34,2,13,False,True
Astrub_City_Dofus_1.29__By_AnkamaArr._DraconiX__m004-011__c000429.musicxml,candidate_musicxml_full_bothhands\Astrub_City_Dofus_1.29__By_AnkamaArr._DraconiX__m004-011__c000429.musicxml,True,,Astrub City,By Ankama Games,2,16,8,63,8,0,3,0.047619047619047616,C4,E6,28,1,0.02631578947368421,12,4,32.0,1.96875,0.1702127659574468,,4/4,0,True,39,0,0,8,0,False,True
As_A_Dear_2nd_edition__Darian__m001-008__c000719.musicxml,candidate_musicxml_full_bothhands\As_A_Dear_2nd_edition__Darian__m001-008__c000719.musicxml,True,,As A Dear 2nd edition,Darian,2,16,8,49,2,0,0,0.0,F2,D5,33,2,0.046511627906976744,12,3,32.0,1.53125,0.0425531914893617,,4/4,0,True,21,0,24,2,19,False,True
As_A_Dear_2nd_edition__Darian__m006-013__c000720.musicxml,candidate_musicxml_full_bothhands\As_A_Dear_2nd_edition__Darian__m006-013__c000720.musicxml,True,,As A Dear 2nd edition,Darian,2,16,8,55,5,0,0,0.0,G2,D5,31,1,0.023255813953488372,12,4,32.0,1.71875,0.1,,4/4,0,True,18,4,27,1,17,False,True
As_A_Dear_2nd_edition__Darian__m014-021__c000721.musicxml,candidate_musicxml_full_bothhands\As_A_Dear_2nd_edition__Darian__m014-021__c000721.musicxml,True,,As A Dear 2nd edition,Darian,2,16,8,54,8,1,0,0.0,C2,C5,36,3,0.08571428571428572,16,4,32.0,1.6875,0.17777777777777778,,4/4,0,True,10,7,27,1,16,False,True
As_A_Dear_2nd_edition__Darian__m020-027__c000722.musicxml,candidate_musicxml_full_bothhands\As_A_Dear_2nd_edition__Darian__m020-027__c000722.musicxml,True,,As A Dear 2nd edition,Darian,2,16,8,57,9,2,0,0.0,D2,A4,31,2,0.06060606060606061,12,6,32.0,1.78125,0.20454545454545456,,4/4,0,True,15,6,20,3,22,False,True
ATEEZ_-_Dazzling_Light__Arranged_by_Myee89__m057-064__c000620.musicxml,candidate_musicxml_full_bothhands\ATEEZ_-_Dazzling_Light__Arranged_by_Myee89__m057-064__c000620.musicxml,True,,Dazzling Light,Arranged by Myee89,2,16,8,68,8,0,0,0.0,F2,F5,36,1,0.02,19,3,32.0,2.125,0.13333333333333333,,4/4,0,True,22,0,30,8,7,False,True
ATEEZ_-_Dazzling_Light__Arranged_by_Myee89__m062-069__c000621.musicxml,candidate_musicxml_full_bothhands\ATEEZ_-_Dazzling_Light__Arranged_by_Myee89__m062-069__c000621.musicxml,True,,Dazzling Light,Arranged by Myee89,2,16,8,82,8,2,0,0.0,E2,G5,39,2,0.03333333333333333,19,4,32.0,2.5625,0.11428571428571428,,4/4,0,True,36,0,26,8,16,False,True
Autumn_Leaves__Zhen_Zhou__m015-022__c002907.musicxml,candidate_musicxml_full_bothhands\Autumn_Leaves__Zhen_Zhou__m015-022__c002907.musicxml,True,,Autumn Leaves,Zhen Zhou,2,16,8,72,2,3,0,0.0,G2,G5,36,1,0.015151515151515152,12,3,32.0,2.25,0.02857142857142857,,4/4,0,True,36,0,32,2,26,False,True
Autumn_Leaves__Zhen_Zhou__m020-027__c002908.musicxml,candidate_musicxml_full_bothhands\Autumn_Leaves__Zhen_Zhou__m020-027__c002908.musicxml,True,,Autumn Leaves,Zhen Zhou,2,16,8,80,5,6,0,0.0,G2,C6,41,2,0.029850746268656716,14,4,32.0,2.5,0.06756756756756757,,4/4,0,True,33,0,36,5,21,False,True
Autumn_Leaves__Zhen_Zhou__m027-034__c002909.musicxml,candidate_musicxml_full_bothhands\Autumn_Leaves__Zhen_Zhou__m027-034__c002909.musicxml,True,,Autumn Leaves,Zhen Zhou,2,16,8,49,3,9,0,0.0,C3,E6,40,1,0.02631578947368421,17,4,32.0,1.53125,0.06976744186046512,,4/4,0,True,30,0,10,3,16,False,True
Autumn_Leaves__Zhen_Zhou__m034-041__c002910.musicxml,candidate_musicxml_full_bothhands\Autumn_Leaves__Zhen_Zhou__m034-041__c002910.musicxml,True,,Autumn Leaves,Zhen Zhou,2,16,8,83,5,4,0,0.0,B2,E6,41,2,0.030303030303030304,17,4,32.0,2.59375,0.0684931506849315,,4/4,0,True,29,0,39,5,20,False,True
Autumn_Leaves__Zhen_Zhou__m039-046__c002911.musicxml,candidate_musicxml_full_bothhands\Autumn_Leaves__Zhen_Zhou__m039-046__c002911.musicxml,True,,Autumn Leaves,Zhen Zhou,2,16,8,87,6,8,0,0.0,B2,E6,41,2,0.029850746268656716,24,4,32.0,2.71875,0.08,,4/4,0,True,32,0,37,6,20,False,True
Autumn_Leaves__Zhen_Zhou__m044-051__c002912.musicxml,candidate_musicxml_full_bothhands\Autumn_Leaves__Zhen_Zhou__m044-051__c002912.musicxml,True,,Autumn Leaves,Zhen Zhou,2,16,8,81,5,13,0,0.0,G3,D6,31,1,0.015625,24,4,32.0,2.53125,0.07042253521126761,,4/4,0,True,32,3,34,2,17,False,True
Autumn_Leaves__Zhen_Zhou__m051-058__c002913.musicxml,candidate_musicxml_full_bothhands\Autumn_Leaves__Zhen_Zhou__m051-058__c002913.musicxml,True,,Autumn Leaves,Zhen Zhou,2,16,8,53,2,6,0,0.0,G3,A5,26,2,0.044444444444444446,17,4,32.0,1.65625,0.04081632653061224,,4/4,0,True,11,2,36,0,17,False,True
A_Thousand_Light_Years_Away_-_Arranged_for_Piano__Arranged_by_Raptorofwar__m042-049__c001756.musicxml,candidate_musicxml_full_bothhands\A_Thousand_Light_Years_Away_-_Arranged_for_Piano__Arranged_by_Raptorofwar__m042-049__c001756.musicxml,True,,A Thousand Light Years Away,Nick Popovich,2,16,8,43,8,4,0,0.0,D3,G6,41,1,0.041666666666666664,24,4,32.0,1.34375,0.24242424242424243,90.0,4/4,0,True,25,0,0,8,0,False,True
A_Tribute_to_Mario_Galaxy_Rough_Draft__Mahito_Yokota_and_Koji_Kondo__m201-208__c001885.musicxml,candidate_musicxml_full_bothhands\A_Tribute_to_Mario_Galaxy_Rough_Draft__Mahito_Yokota_and_Koji_Kondo__m201-208__c001885.musicxml,True,,A Tribute to Mario Galaxy,Mahito Yokota and Koji Kondo,2,16,8,49,4,1,2,0.04081632653061224,A-2,B5,39,1,0.02564102564102564,23,3,24.0,2.0416666666666665,0.08888888888888889,,3/4,0,True,16,0,25,4,23,False,True
A_Walk_In_The_Clouds__Brendon_Warren__m035-042__c001418.musicxml,candidate_musicxml_full_bothhands\A_Walk_In_The_Clouds__Brendon_Warren__m035-042__c001418.musicxml,True,,piano,Brendon Warren,2,16,8,59,7,4,0,0.0,E2,C7,56,1,0.027777777777777776,27,4,32.0,1.84375,0.15555555555555556,80.0,4/4,0,True,23,0,15,7,15,False,True
B._Bartok_For_Children_Vol._1_Nr.23_Dance_Song_Sz42__B_la_Bart_kRevised_and_Arrangedby_the_Composer_January_1945__m015-022__c002012.musicxml,candidate_musicxml_full_bothhands\B._Bartok_For_Children_Vol._1_Nr.23_Dance_Song_Sz42__B_la_Bart_kRevised_and_Arrangedby_the_Composer_January_1945__m015-022__c002012.musicxml,True,,Quasi adagio,Bela bartok,2,16,8,62,10,0,0,0.0,D3,C5,22,1,0.025,10,3,16.0,3.875,0.19230769230769232,,2/4,0,True,20,0,22,10,12,False,True
B._Bartok_For_Children_Vol._1_Nr.29-Pentatonic_Tune_Sz42__B_la_Bart_kRevised_and_Arrangedby_the_Composer_January_1945__m002-009__c003429.musicxml,candidate_musicxml_full_bothhands\B._Bartok_For_Children_Vol._1_Nr.29-Pentatonic_Tune_Sz42__B_la_Bart_kRevised_and_Arrangedby_the_Composer_January_1945__m002-009__c003429.musicxml,True,,Quasi adagio,Bela bartok,2,16,8,54,2,4,0,0.0,D2,D5,36,1,0.021739130434782608,17,4,16.0,3.375,0.04,,2/4,0,True,17,2,31,0,17,False,True
B._Bartok_For_Children_Vol._1_Nr.29-Pentatonic_Tune_Sz42__B_la_Bart_kRevised_and_Arrangedby_the_Composer_January_1945__m018-025__c003432.musicxml,candidate_musicxml_full_bothhands\B._Bartok_For_Children_Vol._1_Nr.29-Pentatonic_Tune_Sz42__B_la_Bart_kRevised_and_Arrangedby_the_Composer_January_1945__m018-025__c003432.musicxml,True,,Quasi adagio,Bela bartok,2,16,8,59,3,2,0,0.0,D2,A5,43,1,0.020833333333333332,19,4,16.0,3.6875,0.05660377358490566,,2/4,0,True,29,3,21,0,31,False,True
B._Bartok_For_Children_Vol._1_Nr.8_Children_s_Game__B_la_Bart_kRevised_and_Arrangedby_the_Composer_January_1945__m007-014__c002669.musicxml,candidate_musicxml_full_bothhands\B._Bartok_For_Children_Vol._1_Nr.8_Children_s_Game__B_la_Bart_kRevised_and_Arrangedby_the_Composer_January_1945__m007-014__c002669.musicxml,True,,Quasi adagio,Bela bartok,2,16,8,51,5,3,1,0.0196078431372549,D2,A4,31,1,0.027777777777777776,15,4,16.0,3.1875,0.11627906976744186,,2/4,0,True,25,0,13,5,15,False,True
B._Bartok_For_Children_Vol._1_Nr.8_Children_s_Game__B_la_Bart_kRevised_and_Arrangedby_the_Composer_January_1945__m012-019__c002670.musicxml,candidate_musicxml_full_bothhands\B._Bartok_For_Children_Vol._1_Nr.8_Children_s_Game__B_la_Bart_kRevised_and_Arrangedby_the_Composer_January_1945__m012-019__c002670.musicxml,True,,Quasi adagio,Bela bartok,2,16,8,58,8,2,0,0.0,D2,C5,34,1,0.025,15,3,16.0,3.625,0.16,,2/4,0,True,26,0,16,8,26,False,True
B._Bartok_For_Children_Vol._1_Nr.8_Children_s_Game__B_la_Bart_kRevised_and_Arrangedby_the_Composer_January_1945__m037-044__c002671.musicxml,candidate_musicxml_full_bothhands\B._Bartok_For_Children_Vol._1_Nr.8_Children_s_Game__B_la_Bart_kRevised_and_Arrangedby_the_Composer_January_1945__m037-044__c002671.musicxml,True,,Quasi adagio,Bela bartok,2,16,8,57,8,3,0,0.0,D2,C5,34,1,0.02564102564102564,17,3,16.0,3.5625,0.16326530612244897,,2/4,0,True,26,0,15,8,26,False,True
BamBamBam__Maina_Bent_en_Ilse_Bouwmeester__m005-012__c002905.musicxml,candidate_musicxml_full_bothhands\BamBamBam__Maina_Bent_en_Ilse_Bouwmeester__m005-012__c002905.musicxml,True,,maina's en ilse's mooie muziek stuk,Maina Bent en Ilse Bouwmeester,2,16,8,49,6,3,0,0.0,G2,F5,34,2,0.05714285714285714,14,3,32.0,1.53125,0.13953488372093023,,4/4,0,True,34,2,3,4,14,False,True
BamBamBam__Maina_Bent_en_Ilse_Bouwmeester__m024-031__c002906.musicxml,candidate_musicxml_full_bothhands\BamBamBam__Maina_Bent_en_Ilse_Bouwmeester__m024-031__c002906.musicxml,True,,maina's en ilse's mooie muziek stuk,Maina Bent en Ilse Bouwmeester,2,16,8,49,6,3,0,0.0,G2,F5,34,2,0.05714285714285714,14,3,32.0,1.53125,0.13953488372093023,,4/4,0,True,34,2,3,4,14,False,True
Bartok_Game_VIII_from_For_Children_Sz._42__B_la_Bart_k__m007-014__c000394.musicxml,candidate_musicxml_full_bothhands\Bartok_Game_VIII_from_For_Children_Sz._42__B_la_Bart_k__m007-014__c000394.musicxml,True,,Game,Béla Bartók,2,16,8,51,5,3,1,0.0196078431372549,D2,A4,31,1,0.027777777777777776,15,4,16.0,3.1875,0.11627906976744186,,2/4,0,True,25,0,13,5,15,False,True
Bartok_Game_VIII_from_For_Children_Sz._42__B_la_Bart_k__m012-019__c000395.musicxml,candidate_musicxml_full_bothhands\Bartok_Game_VIII_from_For_Children_Sz._42__B_la_Bart_k__m012-019__c000395.musicxml,True,,Game,Béla Bartók,2,16,8,58,8,2,0,0.0,D2,C5,34,1,0.025,15,3,16.0,3.625,0.16,,2/4,0,True,26,0,16,8,26,False,True
Bartok_Game_VIII_from_For_Children_Sz._42__B_la_Bart_k__m033-040__c000396.musicxml,candidate_musicxml_full_bothhands\Bartok_Game_VIII_from_For_Children_Sz._42__B_la_Bart_k__m033-040__c000396.musicxml,True,,Game,Béla Bartók,2,16,8,46,4,5,0,0.0,D2,A4,31,1,0.029411764705882353,17,4,16.0,2.875,0.1,,2/4,0,True,25,0,11,4,19,False,True
Bartok_Game_VIII_from_For_Children_Sz._42__B_la_Bart_k__m038-045__c000397.musicxml,candidate_musicxml_full_bothhands\Bartok_Game_VIII_from_For_Children_Sz._42__B_la_Bart_k__m038-045__c000397.musicxml,True,,Game,Béla Bartók,2,16,8,61,10,2,0,0.0,D2,C5,34,1,0.02564102564102564,17,3,16.0,3.8125,0.19607843137254902,,2/4,0,True,26,0,15,10,26,False,True
Beethoven_Leonore_Overture_No._3_Piano_solo__Ludwig_van_Beethoven__m481-488__c003089.musicxml,candidate_musicxml_full_bothhands\Beethoven_Leonore_Overture_No._3_Piano_solo__Ludwig_van_Beethoven__m481-488__c003089.musicxml,True,,,,2,16,8,53,8,8,0,0.0,B1,E6,53,3,0.10714285714285714,19,6,32.0,1.65625,0.21052631578947367,,4/4,0,True,14,4,16,4,0,False,True
Beethoven_Symphony_No._5_4th_movement_finale_Piano_solo__Ludwig_van_Beethoven__m114-121__c000666.musicxml,candidate_musicxml_full_bothhands\Beethoven_Symphony_No._5_4th_movement_finale_Piano_solo__Ludwig_van_Beethoven__m114-121__c000666.musicxml,True,,,,2,16,8,74,8,5,0,0.0,G2,E6,45,1,0.017857142857142856,14,3,32.0,2.3125,0.12121212121212122,,4/4,0,True,13,8,45,0,24,False,True
Before_Win__Akordeusz__m005-012__c003361.musicxml,candidate_musicxml_full_bothhands\Before_Win__Akordeusz__m005-012__c003361.musicxml,True,,tytuł,Akordeusz,2,16,8,60,8,0,4,0.06666666666666667,B3,E6,29,1,0.02857142857142857,12,4,32.0,1.875,0.18181818181818182,,4/4,0,True,36,0,0,8,0,False,True
Before_Win__Akordeusz__m019-026__c003362.musicxml,candidate_musicxml_full_bothhands\Before_Win__Akordeusz__m019-026__c003362.musicxml,True,,tytuł,Akordeusz,2,16,8,69,10,2,0,0.0,C3,C7,48,1,0.024390243902439025,24,4,32.0,2.15625,0.19230769230769232,,4/4,0,True,42,3,0,7,0,False,True
Behre__Yusuf_Biberci__m010-017__c001828.musicxml,candidate_musicxml_full_bothhands\Behre__Yusuf_Biberci__m010-017__c001828.musicxml,True,,Title,Composer,2,16,8,104,4,10,0,0.0,G2,G5,36,2,0.021739130434782608,12,4,32.0,3.25,0.04081632653061224,120.0,4/4,0,True,70,0,24,4,12,False,True
Be_As_One_by_W-inds_FairyTail_Ending_6__Arr._LoisCovers__m001-008__c001396.musicxml,candidate_musicxml_full_bothhands\Be_As_One_by_W-inds_FairyTail_Ending_6__Arr._LoisCovers__m001-008__c001396.musicxml,True,,Be As One,Arr. LoisCovers,2,16,8,47,4,4,0,0.0,F2,E5,35,3,0.08571428571428572,14,4,32.0,1.46875,0.0975609756097561,85.0,4/4,0,True,26,0,11,4,16,False,True
Be_As_One_by_W-inds_FairyTail_Ending_6__Arr._LoisCovers__m058-065__c001398.musicxml,candidate_musicxml_full_bothhands\Be_As_One_by_W-inds_FairyTail_Ending_6__Arr._LoisCovers__m058-065__c001398.musicxml,True,,Be As One,Arr. LoisCovers,2,16,8,51,8,2,0,0.0,F2,E5,35,1,0.034482758620689655,14,5,32.0,1.59375,0.20512820512820512,,4/4,0,True,25,2,6,6,14,False,True
BIRTHDAY_GIFT__NM__m007-014__c000613.musicxml,candidate_musicxml_full_bothhands\BIRTHDAY_GIFT__NM__m007-014__c000613.musicxml,True,,BIRTHDAY GIFT,NM,2,16,8,69,10,2,4,0.057971014492753624,C3,A5,33,1,0.025,16,4,32.0,2.15625,0.19607843137254902,,4/4,0,True,41,0,0,10,0,False,True
Breetle__MidnightChipmunk__m006-013__c003219.musicxml,candidate_musicxml_full_bothhands\Breetle__MidnightChipmunk__m006-013__c003219.musicxml,True,,Breetle,,2,16,8,78,9,0,0,0.0,G2,F5,34,1,0.017857142857142856,12,4,32.0,2.4375,0.13432835820895522,,4/4,0,True,45,0,13,9,16,False,True
Breetle__MidnightChipmunk__m011-018__c003220.musicxml,candidate_musicxml_full_bothhands\Breetle__MidnightChipmunk__m011-018__c003220.musicxml,True,,Breetle,,2,16,8,76,6,0,0,0.0,G2,F5,34,1,0.016666666666666666,12,4,32.0,2.375,0.08823529411764706,,4/4,0,True,38,0,24,6,12,False,True
BTS_-_ON__Arranged_by_myee89__m073-080__c000697.musicxml,candidate_musicxml_full_bothhands\BTS_-_ON__Arranged_by_myee89__m073-080__c000697.musicxml,True,,ON,Arranged by myee89,2,16,8,40,2,6,0,0.0,G2,F6,46,1,0.03125,10,4,32.0,1.25,0.05555555555555555,,4/4,0,True,30,2,4,0,2,False,True
BTS_-_Title_Tracks_Medley_2013-2019__Arranged_by_myee89__m085-092__c000897.musicxml,candidate_musicxml_full_bothhands\BTS_-_Title_Tracks_Medley_2013-2019__Arranged_by_myee89__m085-092__c000897.musicxml,True,,Title songs collection (2013-2019),Arranged by myee89,2,16,8,50,1,3,3,0.06,B2,E5,29,2,0.043478260869565216,12,3,32.0,1.5625,0.02040816326530612,80.0,4/4,0,True,31,1,17,0,15,False,True
Burgmueller_25_leichte_Etuden_Op100-01_MuseScore__Friedrich_Burgm_ller__m001-008__c000114.musicxml,candidate_musicxml_full_bothhands\Burgmueller_25_leichte_Etuden_Op100-01_MuseScore__Friedrich_Burgm_ller__m001-008__c000114.musicxml,True,,,Fricdrich Burgmiillcr,2,16,8,86,9,2,1,0.011627906976744186,B2,C6,37,1,0.016666666666666666,12,4,32.0,2.6875,0.12857142857142856,152.0,4/4,0,True,61,0,0,9,0,False,True
Burgm_ller_Arabesque_-_Op._100_No._2__Friedrich_Burgm_ller__m013-020__c000249.musicxml,candidate_musicxml_full_bothhands\Burgm_ller_Arabesque_-_Op._100_No._2__Friedrich_Burgm_ller__m013-020__c000249.musicxml,True,,,Public Domain (PianoXML typeset),2,16,8,61,2,5,6,0.09836065573770492,G#3,A5,25,1,0.018867924528301886,12,4,16.0,3.8125,0.03508771929824561,,2/4,0,True,21,0,34,2,13,False,True
By_Morning_s_Light__Justin_Harnishfeger__m012-019__c000984.musicxml,candidate_musicxml_full_bothhands\By_Morning_s_Light__Justin_Harnishfeger__m012-019__c000984.musicxml,True,,Test Composition,Justin Harnishfeger,2,16,8,109,9,0,0,0.0,A2,F5,32,1,0.0125,12,4,32.0,3.40625,0.0989010989010989,,4/4,0,True,47,0,35,9,15,False,True
Cadenza_I_Movement_Concerto_No.8_Mozart_by_Giovanni_Zanaroli__Giovanni_Zanaroli__m001-008__c000874.musicxml,candidate_musicxml_full_bothhands\Cadenza_I_Movement_Concerto_No.8_Mozart_by_Giovanni_Zanaroli__Giovanni_Zanaroli__m001-008__c000874.musicxml,True,,Cadenza Concerto No.8 Mozart,Giovanni Zanaroli,2,16,8,135,10,4,3,0.022222222222222223,G2,A5,38,1,0.008849557522123894,11,4,32.0,4.21875,0.08,,4/4,0,True,50,1,65,9,11,False,True
Can_t_go_anywhere_else__Apple_Rumble__m013-020__c000815.musicxml,candidate_musicxml_full_bothhands\Can_t_go_anywhere_else__Apple_Rumble__m013-020__c000815.musicxml,True,,Can't go anywhere else,Apple Rumble,2,16,8,56,4,29,0,0.0,G2,A5,38,1,0.021739130434782608,10,3,32.0,1.75,0.07692307692307693,,4/4,0,True,31,0,17,4,24,False,True
Castle_in_the_Sky__NA__m001-008__c003732.musicxml,candidate_musicxml_full_bothhands\Castle_in_the_Sky__NA__m001-008__c003732.musicxml,True,,天空之城,,2,16,8,55,6,17,3,0.05454545454545454,C3,E5,28,2,0.04878048780487805,12,3,32.0,1.71875,0.12244897959183673,80.0,4/4,0,True,18,6,25,0,16,False,True
Castle_in_the_Sky__NA__m007-014__c003733.musicxml,candidate_musicxml_full_bothhands\Castle_in_the_Sky__NA__m007-014__c003733.musicxml,True,,天空之城,,2,16,8,65,10,17,6,0.09230769230769231,C3,E5,28,2,0.046511627906976744,12,3,32.0,2.03125,0.18181818181818182,,4/4,0,True,15,10,30,0,16,False,True
Castle_in_the_Sky__NA__m014-021__c003734.musicxml,candidate_musicxml_full_bothhands\Castle_in_the_Sky__NA__m014-021__c003734.musicxml,True,,天空之城,,2,16,8,37,6,15,1,0.02702702702702703,C3,E5,28,1,0.043478260869565216,14,3,32.0,1.15625,0.1935483870967742,,4/4,0,True,8,6,17,0,16,False,True
Cave_Fall__NA__m001-008__c002728.musicxml,candidate_musicxml_full_bothhands\Cave_Fall__NA__m001-008__c002728.musicxml,True,,Cave Fall,,2,16,8,63,7,20,0,0.0,C2,C6,48,1,0.021739130434782608,24,4,32.0,1.96875,0.12727272727272726,100.0,4/4,0,True,41,0,7,7,3,False,True
Cave_Fall__NA__m007-014__c002729.musicxml,candidate_musicxml_full_bothhands\Cave_Fall__NA__m007-014__c002729.musicxml,True,,Cave Fall,,2,16,8,61,6,20,2,0.03278688524590164,E1,C6,56,1,0.023809523809523808,24,4,32.0,1.90625,0.12,,4/4,0,True,32,0,12,6,12,False,True
Che_faro_senza_Euridice-acc__Gluck__m001-008__c003177.musicxml,candidate_musicxml_full_bothhands\Che_faro_senza_Euridice-acc__Gluck__m001-008__c003177.musicxml,True,,Che daro senza Euridice,Gluck,2,16,8,88,10,7,2,0.022727272727272728,C2,F5,41,3,0.045454545454545456,17,3,32.0,2.75,0.1282051282051282,85.0,4/4,0,True,28,8,40,2,19,False,True
Children_s_Medley__Polly_Wolly_Doodle_Unknown_Oh_Susanna_Stephen_Foster_Unknown_Piece__m045-052__c001622.musicxml,candidate_musicxml_full_bothhands\Children_s_Medley__Polly_Wolly_Doodle_Unknown_Oh_Susanna_Stephen_Foster_Unknown_Piece__m045-052__c001622.musicxml,True,,,,2,16,8,50,1,1,0,0.0,G3,G5,24,1,0.021739130434782608,12,3,32.0,1.5625,0.02040816326530612,,4/4,0,True,16,1,32,0,10,False,True
Chistoe_Nebo__NA__m014-021__c001852.musicxml,candidate_musicxml_full_bothhands\Chistoe_Nebo__NA__m014-021__c001852.musicxml,True,,Chistoe Nebo,,2,16,8,127,4,0,0,0.0,B2,C6,37,1,0.008695652173913044,12,4,32.0,3.96875,0.03305785123966942,,4/4,0,True,69,0,48,4,14,False,True
Chopin_-_Waltz_in_A_Minor_Piano_Solo__Chopin__m004-011__c000330.musicxml,candidate_musicxml_full_bothhands\Chopin_-_Waltz_in_A_Minor_Piano_Solo__Chopin__m004-011__c000330.musicxml,True,,,,2,16,8,56,1,2,1,0.017857142857142856,G3,A5,26,2,0.038461538461538464,10,4,24.0,2.3333333333333335,0.01818181818181818,,3/4,0,True,33,0,21,1,10,False,True
Chopin_-_Waltz_in_A_Minor_Piano_Solo__Chopin__m013-020__c000331.musicxml,candidate_musicxml_full_bothhands\Chopin_-_Waltz_in_A_Minor_Piano_Solo__Chopin__m013-020__c000331.musicxml,True,,,,2,16,8,59,1,0,5,0.0847457627118644,E3,D6,34,3,0.05454545454545454,13,4,24.0,2.4583333333333335,0.017241379310344827,,3/4,0,True,36,0,21,1,13,False,True
Chords_and_Waves__NA__m023-030__c000535.musicxml,candidate_musicxml_full_bothhands\Chords_and_Waves__NA__m023-030__c000535.musicxml,True,,waves-1,,2,16,8,81,1,6,0,0.0,E2,B5,43,1,0.013157894736842105,10,4,32.0,2.53125,0.012658227848101266,,4/4,0,True,24,0,54,1,13,False,True
Christmas_Anthem__NA__m001-008__c003529.musicxml,candidate_musicxml_full_bothhands\Christmas_Anthem__NA__m001-008__c003529.musicxml,True,,,,2,16,8,49,9,0,3,0.061224489795918366,C3,D5,26,1,0.04,12,4,24.0,2.0416666666666665,0.25,122.0,3/4,0,True,18,1,9,8,10,False,True
Cielito_Lindo__Arr._By_Jack_Bullock_ASCAP__m007-014__c000699.musicxml,candidate_musicxml_full_bothhands\Cielito_Lindo__Arr._By_Jack_Bullock_ASCAP__m007-014__c000699.musicxml,True,,Cielito Lindo,Arr. By Jack Bullock,2,16,8,55,2,7,0,0.0,D2,F5,39,2,0.0425531914893617,12,3,24.0,2.2916666666666665,0.0392156862745098,,3/4,0,True,36,2,13,0,17,False,True
Cluster_One__Transcribed_by_Sam_Anderson__m008-015__c002775.musicxml,candidate_musicxml_full_bothhands\Cluster_One__Transcribed_by_Sam_Anderson__m008-015__c002775.musicxml,True,,Cluster One,Pink Floyd,2,16,8,58,8,4,2,0.034482758620689655,G2,D6,43,2,0.06060606060606061,12,4,32.0,1.8125,0.19047619047619047,,4/4,0,True,34,0,0,8,0,False,True
Cluster_One__Transcribed_by_Sam_Anderson__m014-021__c002776.musicxml,candidate_musicxml_full_bothhands\Cluster_One__Transcribed_by_Sam_Anderson__m014-021__c002776.musicxml,True,,Cluster One,Pink Floyd,2,16,8,52,8,4,2,0.038461538461538464,G2,D6,43,2,0.07407407407407407,17,4,32.0,1.625,0.2222222222222222,,4/4,0,True,28,0,0,8,0,False,True
Colors_of_the_Wind_Pocahontas__Arrgt_S._Hermand__m002-009__c002945.musicxml,candidate_musicxml_full_bothhands\Colors_of_the_Wind_Pocahontas__Arrgt_S._Hermand__m002-009__c002945.musicxml,True,,Colors of the World ,Arrgt : S. Hermand,2,16,8,60,8,3,0,0.0,A2,A5,36,1,0.023809523809523808,10,3,32.0,1.875,0.15384615384615385,,4/4,0,True,42,0,2,8,10,False,True
Colors_of_the_Wind_Pocahontas__Arrgt_S._Hermand__m014-021__c002946.musicxml,candidate_musicxml_full_bothhands\Colors_of_the_Wind_Pocahontas__Arrgt_S._Hermand__m014-021__c002946.musicxml,True,,Colors of the World ,Arrgt : S. Hermand,2,16,8,74,3,2,0,0.0,C2,C6,48,1,0.015151515151515152,15,3,32.0,2.3125,0.04225352112676056,,4/4,0,True,44,0,24,3,19,False,True
Comethru_-_Jeremy_Zucker__NA__m001-008__c000520.musicxml,candidate_musicxml_full_bothhands\Comethru_-_Jeremy_Zucker__NA__m001-008__c000520.musicxml,True,,Comethru,Jeremy Zucker,2,16,8,93,8,9,0,0.0,F2,C5,31,9,0.12,13,3,32.0,2.90625,0.09411764705882353,94.0,4/4,0,True,45,0,32,8,19,False,True
Composition_I__Professor_Reaper__m001-008__c003696.musicxml,candidate_musicxml_full_bothhands\Composition_I__Professor_Reaper__m001-008__c003696.musicxml,True,,Composition I,Professor Reaper,2,16,8,41,4,0,0,0.0,C3,C5,24,2,0.07407407407407407,12,4,32.0,1.28125,0.12121212121212122,,4/4,0,True,20,4,9,0,4,False,True
Composition_I__Professor_Reaper__m012-019__c003697.musicxml,candidate_musicxml_full_bothhands\Composition_I__Professor_Reaper__m012-019__c003697.musicxml,True,,Composition I,Professor Reaper,2,16,8,60,8,0,0,0.0,F2,C5,31,1,0.029411764705882353,11,4,32.0,1.875,0.18181818181818182,,4/4,0,True,22,8,14,0,12,False,True
Composition_I__Professor_Reaper__m017-024__c003698.musicxml,candidate_musicxml_full_bothhands\Composition_I__Professor_Reaper__m017-024__c003698.musicxml,True,,Composition I,Professor Reaper,2,16,8,58,7,0,0,0.0,F2,C5,31,1,0.02857142857142857,11,4,32.0,1.8125,0.1590909090909091,,4/4,0,True,24,7,13,0,11,False,True
Cool_Friggin_Theme__Also_You__m033-040__c001890.musicxml,candidate_musicxml_full_bothhands\Cool_Friggin_Theme__Also_You__m033-040__c001890.musicxml,True,,Piano Stuff,Also You,2,16,8,63,9,4,0,0.0,A1,D6,53,1,0.02631578947368421,14,5,32.0,1.96875,0.1836734693877551,,4/4,0,True,30,3,10,6,0,False,True
Counting_Stars_Starting_Beginer_Version__NA__m004-011__c001940.musicxml,candidate_musicxml_full_bothhands\Counting_Stars_Starting_Beginer_Version__NA__m004-011__c001940.musicxml,True,,asd,,2,16,8,49,4,3,0,0.0,F2,G4,26,2,0.05128205128205128,12,3,32.0,1.53125,0.08888888888888889,,4/4,0,True,34,0,7,4,12,False,True
CPE_Bach_La_Caroline_H98__Carl_Philipp_Emanuel_Bach__m050-057__c000847.musicxml,candidate_musicxml_full_bothhands\CPE_Bach_La_Caroline_H98__Carl_Philipp_Emanuel_Bach__m050-057__c000847.musicxml,True,,,Carl Philipp Emanuel Bach,2,16,8,52,5,8,5,0.09615384615384616,A2,A5,36,2,0.05128205128205128,12,4,16.0,3.25,0.10869565217391304,,2/4,0,True,22,1,19,4,20,False,True
Creeping_to_the_Dark__NA__m004-011__c003046.musicxml,candidate_musicxml_full_bothhands\Creeping_to_the_Dark__NA__m004-011__c003046.musicxml,True,,,,2,16,8,74,1,1,0,0.0,C3,E5,28,2,0.028985507246376812,12,4,32.0,2.3125,0.013888888888888888,,4/4,0,True,64,0,7,1,10,False,True
Creeping_to_the_Dark__NA__m016-023__c003047.musicxml,candidate_musicxml_full_bothhands\Creeping_to_the_Dark__NA__m016-023__c003047.musicxml,True,,,,2,16,8,74,1,1,0,0.0,A2,C5,27,2,0.028985507246376812,12,4,32.0,2.3125,0.013888888888888888,,4/4,0,True,64,0,7,1,10,False,True
Czerny_-_Op_299_No_1__Carl_Czerny__m008-015__c000476.musicxml,candidate_musicxml_full_bothhands\Czerny_-_Op_299_No_1__Carl_Czerny__m008-015__c000476.musicxml,True,,School of Velocity,Carl Czerny,2,16,8,150,8,7,3,0.02,F#2,F7,59,1,0.008,10,4,32.0,4.6875,0.05970149253731343,,4/4,0,True,126,0,0,8,0,False,True
Czerny_-_Op_299_No_1__Carl_Czerny__m013-020__c000477.musicxml,candidate_musicxml_full_bothhands\Czerny_-_Op_299_No_1__Carl_Czerny__m013-020__c000477.musicxml,True,,School of Velocity,Carl Czerny,2,16,8,158,10,4,1,0.006329113924050633,G2,E7,57,1,0.007874015748031496,12,4,32.0,4.9375,0.07246376811594203,,4/4,0,True,128,0,0,10,0,False,True
Czerny_-_School_Of_Velocity_-_Op._299_No._2__Carl_Czerny_Op._299__m012-019__c003459.musicxml,candidate_musicxml_full_bothhands\Czerny_-_School_Of_Velocity_-_Op._299_No._2__Carl_Czerny_Op._299__m012-019__c003459.musicxml,True,,,,2,16,8,170,9,15,5,0.029411764705882353,A1,E7,67,2,0.013888888888888888,11,4,32.0,5.3125,0.05806451612903226,,4/4,0,True,35,8,111,1,46,False,True
Daily_Composition_Challenge_--_Sketches_--_Week_2_10_28_-_11_2__NA__m018-025__c000602.musicxml,candidate_musicxml_full_bothhands\Daily_Composition_Challenge_--_Sketches_--_Week_2_10_28_-_11_2__NA__m018-025__c000602.musicxml,True,,"Daily Composition Challenge -- Week 2 Suite (10/28 - 11/2, 2019)",,2,16,8,45,8,0,3,0.06666666666666667,C3,D5,26,1,0.05,12,4,24.0,1.875,0.27586206896551724,,3/4,0,True,21,0,0,8,0,False,True
Dancing_While_Dead__NA__m004-011__c001256.musicxml,candidate_musicxml_full_bothhands\Dancing_While_Dead__NA__m004-011__c001256.musicxml,True,,Dancing While Dead,,2,16,8,48,5,9,0,0.0,B2,C6,37,3,0.08823529411764706,17,4,32.0,1.5,0.12195121951219512,120.0,4/4,0,True,24,5,12,0,18,False,True
Dancing_While_Dead__NA__m028-035__c001257.musicxml,candidate_musicxml_full_bothhands\Dancing_While_Dead__NA__m028-035__c001257.musicxml,True,,Dancing While Dead,,2,16,8,58,6,6,0,0.0,F2,F5,36,3,0.07894736842105263,13,5,32.0,1.8125,0.13043478260869565,,4/4,0,True,22,5,18,1,18,False,True
Dancing_While_Dead__NA__m098-105__c001261.musicxml,candidate_musicxml_full_bothhands\Dancing_While_Dead__NA__m098-105__c001261.musicxml,True,,Dancing While Dead,,2,16,8,49,9,9,1,0.02040816326530612,E3,E5,24,1,0.047619047619047616,15,4,32.0,1.53125,0.2903225806451613,,4/4,0,True,22,0,0,9,0,False,True
Daughter_of_Evil_not_finished__NA__m009-016__c000877.musicxml,candidate_musicxml_full_bothhands\Daughter_of_Evil_not_finished__NA__m009-016__c000877.musicxml,True,,,,2,16,8,119,5,1,0,0.0,G2,C6,41,1,0.009345794392523364,12,3,32.0,3.71875,0.043859649122807015,,4/4,0,True,53,0,56,5,20,False,True
Daughter_of_Evil_not_finished__NA__m043-050__c000880.musicxml,candidate_musicxml_full_bothhands\Daughter_of_Evil_not_finished__NA__m043-050__c000880.musicxml,True,,,,2,16,8,74,5,7,0,0.0,G2,C6,41,1,0.016129032258064516,12,3,32.0,2.3125,0.07246376811594203,,4/4,0,True,32,0,32,5,20,False,True
Deck_The_Halls__Traditional__m005-012__c000658.musicxml,candidate_musicxml_full_bothhands\Deck_The_Halls__Traditional__m005-012__c000658.musicxml,True,,Deck The Halls,Traditional,2,16,8,65,1,0,1,0.015384615384615385,D2,C6,46,2,0.03333333333333333,12,4,32.0,2.03125,0.015873015873015872,,4/4,0,True,36,0,26,1,17,False,True
Demons_Imagine_Dragons_Easy_version__Imagine_Dragons__m011-018__c002104.musicxml,candidate_musicxml_full_bothhands\Demons_Imagine_Dragons_Easy_version__Imagine_Dragons__m011-018__c002104.musicxml,True,,Demons,Imagine Dragons,2,16,8,78,8,8,0,0.0,F2,G5,38,1,0.01639344262295082,12,3,32.0,2.4375,0.11428571428571428,,4/4,0,True,62,0,0,8,0,False,True
Demons_Imagine_Dragons_Easy_version__Imagine_Dragons__m016-023__c002105.musicxml,candidate_musicxml_full_bothhands\Demons_Imagine_Dragons_Easy_version__Imagine_Dragons__m016-023__c002105.musicxml,True,,Demons,Imagine Dragons,2,16,8,72,8,2,0,0.0,F2,G5,38,1,0.01818181818181818,12,3,32.0,2.25,0.125,,4/4,0,True,56,0,0,8,0,False,True
Demons_Imagine_Dragons_Easy_version__Imagine_Dragons__m035-042__c002106.musicxml,candidate_musicxml_full_bothhands\Demons_Imagine_Dragons_Easy_version__Imagine_Dragons__m035-042__c002106.musicxml,True,,Demons,Imagine Dragons,2,16,8,76,8,10,0,0.0,F2,G5,38,1,0.01694915254237288,12,3,32.0,2.375,0.11764705882352941,,4/4,0,True,60,0,0,8,0,False,True
Demons_Imagine_Dragons_Easy_version__Imagine_Dragons__m040-047__c002107.musicxml,candidate_musicxml_full_bothhands\Demons_Imagine_Dragons_Easy_version__Imagine_Dragons__m040-047__c002107.musicxml,True,,Demons,Imagine Dragons,2,16,8,72,8,2,0,0.0,F2,G5,38,1,0.01818181818181818,12,3,32.0,2.25,0.125,,4/4,0,True,56,0,0,8,0,False,True
Depths__Tove_Schweizer__m001-008__c000454.musicxml,candidate_musicxml_full_bothhands\Depths__Tove_Schweizer__m001-008__c000454.musicxml,True,,Depths,Tove Schweizer,2,16,8,62,8,4,0,0.0,G1,E4,33,1,0.022727272727272728,22,4,24.0,2.5833333333333335,0.14814814814814814,105.0,3/4,0,True,44,4,2,4,22,False,True
Depths__Tove_Schweizer__m014-021__c000456.musicxml,candidate_musicxml_full_bothhands\Depths__Tove_Schweizer__m014-021__c000456.musicxml,True,,Depths,Tove Schweizer,2,16,8,56,5,6,2,0.03571428571428571,A1,D4,29,1,0.022222222222222223,12,3,24.0,2.3333333333333335,0.09803921568627451,,3/4,0,True,46,2,0,3,0,False,True
Depths__Tove_Schweizer__m031-038__c000458.musicxml,candidate_musicxml_full_bothhands\Depths__Tove_Schweizer__m031-038__c000458.musicxml,True,,Depths,Tove Schweizer,2,16,8,58,1,5,3,0.05172413793103448,A0,E3,31,2,0.037037037037037035,20,3,24.0,2.4166666666666665,0.017543859649122806,,3/4,0,True,48,0,8,1,29,False,True
Depths__Tove_Schweizer__m069-076__c000460.musicxml,candidate_musicxml_full_bothhands\Depths__Tove_Schweizer__m069-076__c000460.musicxml,True,,Depths,Tove Schweizer,2,16,8,83,2,2,3,0.03614457831325301,E1,F5,49,3,0.03896103896103896,36,3,24.0,3.4583333333333335,0.024691358024691357,,3/4,0,True,32,1,47,1,9,False,True
Der_Anfang__Martin_Mosch__m091-098__c001550.musicxml,candidate_musicxml_full_bothhands\Der_Anfang__Martin_Mosch__m091-098__c001550.musicxml,True,,Sternennacht,Martin Mosch,2,16,8,86,4,1,5,0.05813953488372093,F2,D6,45,2,0.027777777777777776,14,4,32.0,2.6875,0.05128205128205128,,4/4,0,True,52,0,22,4,16,False,True
Dil_Diyan_Gallan__NA__m038-045__c003174.musicxml,candidate_musicxml_full_bothhands\Dil_Diyan_Gallan__NA__m038-045__c003174.musicxml,True,,Dil Diyan Gallan Song Tiger Zinda Hai  Piano Cover Chords Instrumental By Ganesh Kini,,2,16,8,34,2,8,0,0.0,C2,F5,41,1,0.03571428571428571,14,3,32.0,1.0625,0.0625,,4/4,0,True,22,2,8,0,14,False,True
Dr._Caligari_In_Progress__NA__m016-023__c000313.musicxml,candidate_musicxml_full_bothhands\Dr._Caligari_In_Progress__NA__m016-023__c000313.musicxml,True,,Cabinet of Dr. Caligari,,2,16,8,40,8,0,0,0.0,C3,A5,33,1,0.06666666666666667,12,4,24.0,1.6666666666666667,0.3333333333333333,,3/4,0,True,16,0,0,8,0,False,True
Easy_pieces_for_beginners__NA__m024-031__c003137.musicxml,candidate_musicxml_full_bothhands\Easy_pieces_for_beginners__NA__m024-031__c003137.musicxml,True,,Piese usoare pentru începatori,,2,16,8,43,10,3,3,0.06976744186046512,G3,A5,26,1,0.047619047619047616,12,4,24.0,1.7916666666666667,0.30303030303030304,,3/4,0,True,15,6,8,4,6,False,True
Easy_pieces_for_beginners__NA__m202-209__c003144.musicxml,candidate_musicxml_full_bothhands\Easy_pieces_for_beginners__NA__m202-209__c003144.musicxml,True,,Piese usoare pentru începatori,,2,16,8,30,8,14,0,0.0,B3,A5,22,1,0.08333333333333333,10,3,24.0,1.25,0.36363636363636365,,3/4,0,True,8,8,6,0,2,False,True
Egg__S.P._Megown__m008-015__c002342.musicxml,candidate_musicxml_full_bothhands\Egg__S.P._Megown__m008-015__c002342.musicxml,True,,Title,Composer,2,16,8,56,9,0,0,0.0,C2,E4,28,2,0.05555555555555555,11,3,32.0,1.75,0.19148936170212766,,4/4,0,True,25,0,13,9,14,False,True
Elementary_Studies_op_176_Etude_13_by_Jean_Baptiste_Duvernoy__Jean-Baptiste_Duvernoy_c._1802_c._1880__m011-018__c000943.musicxml,candidate_musicxml_full_bothhands\Elementary_Studies_op_176_Etude_13_by_Jean_Baptiste_Duvernoy__Jean-Baptiste_Duvernoy_c._1802_c._1880__m011-018__c000943.musicxml,True,,,,2,16,8,87,5,4,8,0.09195402298850575,C3,A5,33,1,0.013333333333333334,10,3,32.0,2.71875,0.06097560975609756,,4/4,0,True,41,3,36,2,19,False,True
Elementary_Studies_op_176_Etude_18_by_Jean_Baptiste_Duvernoy__Jean-Baptiste_Duvernoy_c._1802_c._1880__m001-008__c002517.musicxml,candidate_musicxml_full_bothhands\Elementary_Studies_op_176_Etude_18_by_Jean_Baptiste_Duvernoy__Jean-Baptiste_Duvernoy_c._1802_c._1880__m001-008__c002517.musicxml,True,,,,2,16,8,61,1,5,4,0.06557377049180328,E3,A5,29,1,0.017543859649122806,11,3,24.0,2.5416666666666665,0.016666666666666666,,3/4,0,True,38,0,21,1,12,False,True
Elementary_Studies_op_176_Etude_18_by_Jean_Baptiste_Duvernoy__Jean-Baptiste_Duvernoy_c._1802_c._1880__m006-013__c002518.musicxml,candidate_musicxml_full_bothhands\Elementary_Studies_op_176_Etude_18_by_Jean_Baptiste_Duvernoy__Jean-Baptiste_Duvernoy_c._1802_c._1880__m006-013__c002518.musicxml,True,,,,2,16,8,62,1,4,5,0.08064516129032258,A2,A5,36,2,0.034482758620689655,12,3,24.0,2.5833333333333335,0.01639344262295082,,3/4,0,True,39,0,21,1,19,False,True
Elementary_Studies_op_176_Etude_18_by_Jean_Baptiste_Duvernoy__Jean-Baptiste_Duvernoy_c._1802_c._1880__m036-043__c002519.musicxml,candidate_musicxml_full_bothhands\Elementary_Studies_op_176_Etude_18_by_Jean_Baptiste_Duvernoy__Jean-Baptiste_Duvernoy_c._1802_c._1880__m036-043__c002519.musicxml,True,,,,2,16,8,69,1,6,4,0.057971014492753624,C3,A6,45,1,0.015384615384615385,12,3,24.0,2.875,0.014705882352941176,,3/4,0,True,46,0,21,1,17,False,True
Elementary_Studies_op_176_Etude_18_by_Jean_Baptiste_Duvernoy__Jean-Baptiste_Duvernoy_c._1802_c._1880__m041-048__c002520.musicxml,candidate_musicxml_full_bothhands\Elementary_Studies_op_176_Etude_18_by_Jean_Baptiste_Duvernoy__Jean-Baptiste_Duvernoy_c._1802_c._1880__m041-048__c002520.musicxml,True,,,,2,16,8,61,1,5,4,0.06557377049180328,E3,A5,29,1,0.017543859649122806,11,3,24.0,2.5416666666666665,0.016666666666666666,,3/4,0,True,38,0,21,1,12,False,True
Elementary_Studies_op_176_Etude_18_by_Jean_Baptiste_Duvernoy__Jean-Baptiste_Duvernoy_c._1802_c._1880__m047-054__c002521.musicxml,candidate_musicxml_full_bothhands\Elementary_Studies_op_176_Etude_18_by_Jean_Baptiste_Duvernoy__Jean-Baptiste_Duvernoy_c._1802_c._1880__m047-054__c002521.musicxml,True,,,,2,16,8,63,1,3,3,0.047619047619047616,A2,E6,43,2,0.03389830508474576,12,3,24.0,2.625,0.016129032258064516,,3/4,0,True,40,0,21,1,15,False,True
Elementary_Studies_op_176_Etude_1_by_Jean_Baptiste_Duvernoy__Jean-Baptiste_Duvernoy_c._1802_c._1880__m001-008__c002156.musicxml,candidate_musicxml_full_bothhands\Elementary_Studies_op_176_Etude_1_by_Jean_Baptiste_Duvernoy__Jean-Baptiste_Duvernoy_c._1802_c._1880__m001-008__c002156.musicxml,True,,,,2,16,8,88,8,0,0,0.0,C3,E6,40,2,0.031746031746031744,10,4,32.0,2.75,0.1111111111111111,100.0,4/4,0,True,64,0,0,8,0,False,True
Elementary_Studies_op_176_Etude_2_by_Jean_Baptiste_Duvernoy__Jean-Baptiste_Duvernoy_c._1802_c._1880__m009-016__c000121.musicxml,candidate_musicxml_full_bothhands\Elementary_Studies_op_176_Etude_2_by_Jean_Baptiste_Duvernoy__Jean-Baptiste_Duvernoy_c._1802_c._1880__m009-016__c000121.musicxml,True,,"Etude 2, Op 176",J.B.Duvernoy,2,16,8,57,1,1,0,0.0,G3,G5,24,1,0.018867924528301886,12,3,32.0,1.78125,0.017857142857142856,,4/4,0,True,30,0,25,1,8,False,True
Elementary_Studies_op_176_Etude_4_by_Jean_Baptiste_Duvernoy__Jean-Baptiste_Duvernoy_c._1802_c._1880__m011-018__c000362.musicxml,candidate_musicxml_full_bothhands\Elementary_Studies_op_176_Etude_4_by_Jean_Baptiste_Duvernoy__Jean-Baptiste_Duvernoy_c._1802_c._1880__m011-018__c000362.musicxml,True,,,,2,16,8,76,1,2,1,0.013157894736842105,G3,C6,29,2,0.027777777777777776,12,3,32.0,2.375,0.013333333333333334,,4/4,0,True,30,0,44,1,12,False,True
Enckhausen_Melodie_in_C__Pianolessen.eu__m004-011__c001095.musicxml,candidate_musicxml_full_bothhands\Enckhausen_Melodie_in_C__Pianolessen.eu__m004-011__c001095.musicxml,True,,Enckhausen,Enckhausen,2,16,8,48,3,4,0,0.0,C3,G5,31,1,0.025,10,3,32.0,1.5,0.06666666666666667,,4/4,0,True,25,3,17,0,12,False,True
Enckhausen_Melodie_in_C__Pianolessen.eu__m013-020__c001096.musicxml,candidate_musicxml_full_bothhands\Enckhausen_Melodie_in_C__Pianolessen.eu__m013-020__c001096.musicxml,True,,Enckhausen,Enckhausen,2,16,8,48,3,3,0,0.0,C3,G5,31,1,0.025,12,3,32.0,1.5,0.06666666666666667,,4/4,0,True,25,3,17,0,14,False,True
ESTOPA_VARIAS_17_covers_Como_Camaron_Fuego_La_Raja_De_Falda__NA__m1306-1313__c002604.musicxml,candidate_musicxml_full_bothhands\ESTOPA_VARIAS_17_covers_Como_Camaron_Fuego_La_Raja_De_Falda__NA__m1306-1313__c002604.musicxml,True,,,,2,16,8,54,9,11,4,0.07407407407407407,E2,C5,32,1,0.03571428571428571,12,6,32.0,1.6875,0.23076923076923078,190.0,4/4,0,True,23,3,7,6,16,False,True
ESTOPA_VARIAS_17_covers_Como_Camaron_Fuego_La_Raja_De_Falda__NA__m1316-1323__c002606.musicxml,candidate_musicxml_full_bothhands\ESTOPA_VARIAS_17_covers_Como_Camaron_Fuego_La_Raja_De_Falda__NA__m1316-1323__c002606.musicxml,True,,,,2,16,8,108,8,0,2,0.018518518518518517,E2,A5,41,1,0.011111111111111112,11,3,32.0,3.375,0.08,,4/4,0,True,38,8,54,0,20,False,True
ESTOPA_VARIAS_17_covers_Como_Camaron_Fuego_La_Raja_De_Falda__NA__m1467-1474__c002611.musicxml,candidate_musicxml_full_bothhands\ESTOPA_VARIAS_17_covers_Como_Camaron_Fuego_La_Raja_De_Falda__NA__m1467-1474__c002611.musicxml,True,,,,2,16,8,60,10,9,4,0.06666666666666667,B-1,B-5,48,2,0.05555555555555555,15,5,32.0,1.875,0.20833333333333334,120.0,4/4,0,True,19,3,19,7,33,False,True
ESTOPA_VARIAS_17_covers_Como_Camaron_Fuego_La_Raja_De_Falda__NA__m1486-1493__c002613.musicxml,candidate_musicxml_full_bothhands\ESTOPA_VARIAS_17_covers_Como_Camaron_Fuego_La_Raja_De_Falda__NA__m1486-1493__c002613.musicxml,True,,,,2,16,8,102,6,0,2,0.0196078431372549,C2,C5,36,1,0.011363636363636364,14,3,32.0,3.1875,0.0625,,4/4,0,True,34,6,56,0,24,False,True
ESTOPA_VARIAS_17_covers_Como_Camaron_Fuego_La_Raja_De_Falda__NA__m1491-1498__c002614.musicxml,candidate_musicxml_full_bothhands\ESTOPA_VARIAS_17_covers_Como_Camaron_Fuego_La_Raja_De_Falda__NA__m1491-1498__c002614.musicxml,True,,,,2,16,8,100,10,1,2,0.02,C2,C5,36,2,0.02564102564102564,12,4,32.0,3.125,0.1111111111111111,,4/4,0,True,31,9,49,1,24,False,True
ESTOPA_VARIAS_17_covers_Como_Camaron_Fuego_La_Raja_De_Falda__NA__m1747-1754__c002616.musicxml,candidate_musicxml_full_bothhands\ESTOPA_VARIAS_17_covers_Como_Camaron_Fuego_La_Raja_De_Falda__NA__m1747-1754__c002616.musicxml,True,,,,2,16,8,84,7,2,4,0.047619047619047616,G1,E6,57,3,0.04477611940298507,29,4,32.0,2.625,0.09210526315789473,,4/4,0,True,40,0,29,7,20,False,True
ESTOPA_VARIAS_17_covers_Como_Camaron_Fuego_La_Raja_De_Falda__NA__m280-287__c002549.musicxml,candidate_musicxml_full_bothhands\ESTOPA_VARIAS_17_covers_Como_Camaron_Fuego_La_Raja_De_Falda__NA__m280-287__c002549.musicxml,True,,,,2,16,8,74,1,0,6,0.08108108108108109,A2,C5,27,1,0.014285714285714285,11,3,32.0,2.3125,0.0136986301369863,,4/4,0,True,37,0,35,1,15,False,True
ESTOPA_VARIAS_17_covers_Como_Camaron_Fuego_La_Raja_De_Falda__NA__m286-293__c002550.musicxml,candidate_musicxml_full_bothhands\ESTOPA_VARIAS_17_covers_Como_Camaron_Fuego_La_Raja_De_Falda__NA__m286-293__c002550.musicxml,True,,,,2,16,8,76,1,1,0,0.0,F2,C5,31,1,0.013888888888888888,10,3,32.0,2.375,0.013333333333333334,,4/4,0,True,33,0,41,1,19,False,True
ESTOPA_VARIAS_17_covers_Como_Camaron_Fuego_La_Raja_De_Falda__NA__m303-310__c002551.musicxml,candidate_musicxml_full_bothhands\ESTOPA_VARIAS_17_covers_Como_Camaron_Fuego_La_Raja_De_Falda__NA__m303-310__c002551.musicxml,True,,,,2,16,8,87,1,1,1,0.011494252873563218,E2,C5,32,1,0.012048192771084338,20,2,32.0,2.71875,0.011627906976744186,170.0,4/4,0,True,50,0,35,1,20,False,True
ESTOPA_VARIAS_17_covers_Como_Camaron_Fuego_La_Raja_De_Falda__NA__m327-334__c002552.musicxml,candidate_musicxml_full_bothhands\ESTOPA_VARIAS_17_covers_Como_Camaron_Fuego_La_Raja_De_Falda__NA__m327-334__c002552.musicxml,True,,,,2,16,8,67,1,4,6,0.08955223880597014,A2,C6,39,1,0.015873015873015872,11,3,32.0,2.09375,0.015151515151515152,,4/4,0,True,30,0,35,1,15,False,True
ESTOPA_VARIAS_17_covers_Como_Camaron_Fuego_La_Raja_De_Falda__NA__m335-342__c002553.musicxml,candidate_musicxml_full_bothhands\ESTOPA_VARIAS_17_covers_Como_Camaron_Fuego_La_Raja_De_Falda__NA__m335-342__c002553.musicxml,True,,,,2,16,8,73,1,5,3,0.0410958904109589,F2,C6,43,2,0.028985507246376812,11,2,32.0,2.28125,0.013888888888888888,,4/4,0,True,30,0,41,1,18,False,True
ESTOPA_VARIAS_17_covers_Como_Camaron_Fuego_La_Raja_De_Falda__NA__m358-365__c002554.musicxml,candidate_musicxml_full_bothhands\ESTOPA_VARIAS_17_covers_Como_Camaron_Fuego_La_Raja_De_Falda__NA__m358-365__c002554.musicxml,True,,,,2,16,8,92,1,0,1,0.010869565217391304,F2,G5,38,2,0.022727272727272728,19,3,32.0,2.875,0.01098901098901099,170.0,4/4,0,True,55,0,35,1,23,False,True
ESTOPA_VARIAS_17_covers_Como_Camaron_Fuego_La_Raja_De_Falda__NA__m508-515__c002556.musicxml,candidate_musicxml_full_bothhands\ESTOPA_VARIAS_17_covers_Como_Camaron_Fuego_La_Raja_De_Falda__NA__m508-515__c002556.musicxml,True,,,,2,16,8,96,3,0,5,0.052083333333333336,B2,D5,27,1,0.011363636363636364,10,3,32.0,3.0,0.03225806451612903,,4/4,0,True,61,0,29,3,12,False,True
ESTOPA_VARIAS_17_covers_Como_Camaron_Fuego_La_Raja_De_Falda__NA__m553-560__c002558.musicxml,candidate_musicxml_full_bothhands\ESTOPA_VARIAS_17_covers_Como_Camaron_Fuego_La_Raja_De_Falda__NA__m553-560__c002558.musicxml,True,,,,2,16,8,68,1,3,6,0.08823529411764706,E2,C5,32,2,0.03125,13,2,32.0,2.125,0.014925373134328358,,4/4,0,True,34,0,32,1,17,False,True
ESTOPA_VARIAS_17_covers_Como_Camaron_Fuego_La_Raja_De_Falda__NA__m558-565__c002559.musicxml,candidate_musicxml_full_bothhands\ESTOPA_VARIAS_17_covers_Como_Camaron_Fuego_La_Raja_De_Falda__NA__m558-565__c002559.musicxml,True,,,,2,16,8,69,1,3,6,0.08695652173913043,E2,C5,32,1,0.015384615384615385,13,2,32.0,2.15625,0.014705882352941176,,4/4,0,True,35,0,32,1,17,False,True
ESTOPA_VARIAS_17_covers_Como_Camaron_Fuego_La_Raja_De_Falda__NA__m601-608__c002563.musicxml,candidate_musicxml_full_bothhands\ESTOPA_VARIAS_17_covers_Como_Camaron_Fuego_La_Raja_De_Falda__NA__m601-608__c002563.musicxml,True,,,,2,16,8,67,4,3,3,0.04477611940298507,F2,E5,35,1,0.017543859649122806,12,2,32.0,2.09375,0.06349206349206349,190.0,4/4,0,True,34,0,25,4,16,False,True
ESTOPA_VARIAS_17_covers_Como_Camaron_Fuego_La_Raja_De_Falda__NA__m608-615__c002564.musicxml,candidate_musicxml_full_bothhands\ESTOPA_VARIAS_17_covers_Como_Camaron_Fuego_La_Raja_De_Falda__NA__m608-615__c002564.musicxml,True,,,,2,16,8,69,1,3,6,0.08695652173913043,E2,C5,32,1,0.015384615384615385,13,2,32.0,2.15625,0.014705882352941176,,4/4,0,True,35,0,32,1,17,False,True
ESTOPA_VARIAS_17_covers_Como_Camaron_Fuego_La_Raja_De_Falda__NA__m657-664__c002566.musicxml,candidate_musicxml_full_bothhands\ESTOPA_VARIAS_17_covers_Como_Camaron_Fuego_La_Raja_De_Falda__NA__m657-664__c002566.musicxml,True,,,,2,16,8,49,8,11,2,0.04081632653061224,A2,A5,36,2,0.06896551724137931,13,5,32.0,1.53125,0.20512820512820512,120.0,4/4,0,True,17,2,14,6,8,False,True
ESTOPA_VARIAS_17_covers_Como_Camaron_Fuego_La_Raja_De_Falda__NA__m675-682__c002567.musicxml,candidate_musicxml_full_bothhands\ESTOPA_VARIAS_17_covers_Como_Camaron_Fuego_La_Raja_De_Falda__NA__m675-682__c002567.musicxml,True,,,,2,16,8,64,1,10,3,0.046875,E2,C5,32,1,0.016666666666666666,12,3,32.0,2.0,0.015873015873015872,,4/4,0,True,39,0,23,1,12,False,True
ESTOPA_VARIAS_17_covers_Como_Camaron_Fuego_La_Raja_De_Falda__NA__m680-687__c002568.musicxml,candidate_musicxml_full_bothhands\ESTOPA_VARIAS_17_covers_Como_Camaron_Fuego_La_Raja_De_Falda__NA__m680-687__c002568.musicxml,True,,,,2,16,8,79,5,6,1,0.012658227848101266,E2,C5,32,2,0.029850746268656716,12,3,32.0,2.46875,0.06756756756756757,,4/4,0,True,50,0,19,5,17,False,True
ESTOPA_VARIAS_17_covers_Como_Camaron_Fuego_La_Raja_De_Falda__NA__m703-710__c002569.musicxml,candidate_musicxml_full_bothhands\ESTOPA_VARIAS_17_covers_Como_Camaron_Fuego_La_Raja_De_Falda__NA__m703-710__c002569.musicxml,True,,,,2,16,8,75,1,3,4,0.05333333333333334,E2,C5,32,2,0.028169014084507043,12,3,32.0,2.34375,0.013513513513513514,,4/4,0,True,43,0,30,1,12,False,True
ESTOPA_VARIAS_17_covers_Como_Camaron_Fuego_La_Raja_De_Falda__NA__m710-717__c002570.musicxml,candidate_musicxml_full_bothhands\ESTOPA_VARIAS_17_covers_Como_Camaron_Fuego_La_Raja_De_Falda__NA__m710-717__c002570.musicxml,True,,,,2,16,8,74,1,7,4,0.05405405405405406,E2,C5,32,1,0.014285714285714285,12,3,32.0,2.3125,0.0136986301369863,,4/4,0,True,41,0,31,1,12,False,True
ESTOPA_VARIAS_17_covers_Como_Camaron_Fuego_La_Raja_De_Falda__NA__m715-722__c002571.musicxml,candidate_musicxml_full_bothhands\ESTOPA_VARIAS_17_covers_Como_Camaron_Fuego_La_Raja_De_Falda__NA__m715-722__c002571.musicxml,True,,,,2,16,8,84,3,5,4,0.047619047619047616,E2,C5,32,3,0.039473684210526314,12,3,32.0,2.625,0.037037037037037035,,4/4,0,True,49,0,29,3,17,False,True
ESTOPA_VARIAS_17_covers_Como_Camaron_Fuego_La_Raja_De_Falda__NA__m771-778__c002574.musicxml,candidate_musicxml_full_bothhands\ESTOPA_VARIAS_17_covers_Como_Camaron_Fuego_La_Raja_De_Falda__NA__m771-778__c002574.musicxml,True,,,,2,16,8,52,7,8,0,0.0,E2,E5,36,1,0.03333333333333333,12,4,32.0,1.625,0.18421052631578946,,4/4,0,True,31,0,0,7,0,False,True
ESTOPA_VARIAS_17_covers_Como_Camaron_Fuego_La_Raja_De_Falda__NA__m776-783__c002575.musicxml,candidate_musicxml_full_bothhands\ESTOPA_VARIAS_17_covers_Como_Camaron_Fuego_La_Raja_De_Falda__NA__m776-783__c002575.musicxml,True,,,,2,16,8,70,8,8,0,0.0,E2,E5,36,1,0.022727272727272728,12,4,32.0,2.1875,0.14814814814814814,,4/4,0,True,36,0,10,8,14,False,True
ESTOPA_VARIAS_17_covers_Como_Camaron_Fuego_La_Raja_De_Falda__NA__m830-837__c002576.musicxml,candidate_musicxml_full_bothhands\ESTOPA_VARIAS_17_covers_Como_Camaron_Fuego_La_Raja_De_Falda__NA__m830-837__c002576.musicxml,True,,,,2,16,8,75,4,0,0,0.0,F2,G5,38,1,0.015384615384615385,12,3,32.0,2.34375,0.056338028169014086,,4/4,0,True,37,0,30,4,21,False,True
ESTOPA_VARIAS_17_covers_Como_Camaron_Fuego_La_Raja_De_Falda__NA__m879-886__c002577.musicxml,candidate_musicxml_full_bothhands\ESTOPA_VARIAS_17_covers_Como_Camaron_Fuego_La_Raja_De_Falda__NA__m879-886__c002577.musicxml,True,,,,2,16,8,44,6,3,0,0.0,F2,E5,35,1,0.037037037037037035,10,6,32.0,1.375,0.17142857142857143,110.0,4/4,0,True,9,3,20,3,16,False,True
ESTOPA_VARIAS_17_covers_Como_Camaron_Fuego_La_Raja_De_Falda__NA__m916-923__c002581.musicxml,candidate_musicxml_full_bothhands\ESTOPA_VARIAS_17_covers_Como_Camaron_Fuego_La_Raja_De_Falda__NA__m916-923__c002581.musicxml,True,,,,2,16,8,77,5,2,0,0.0,G2,F5,34,1,0.015384615384615385,10,3,32.0,2.40625,0.06944444444444445,,4/4,0,True,49,0,18,5,17,False,True
ESTOPA_VARIAS_17_covers_Como_Camaron_Fuego_La_Raja_De_Falda__NA__m946-953__c002584.musicxml,candidate_musicxml_full_bothhands\ESTOPA_VARIAS_17_covers_Como_Camaron_Fuego_La_Raja_De_Falda__NA__m946-953__c002584.musicxml,True,,,,2,16,8,96,5,1,0,0.0,A2,F5,32,1,0.011904761904761904,10,3,32.0,3.0,0.054945054945054944,,4/4,0,True,58,0,28,5,17,False,True
ESTOPA_VARIAS_17_covers_Como_Camaron_Fuego_La_Raja_De_Falda__NA__m959-966__c002585.musicxml,candidate_musicxml_full_bothhands\ESTOPA_VARIAS_17_covers_Como_Camaron_Fuego_La_Raja_De_Falda__NA__m959-966__c002585.musicxml,True,,,,2,16,8,92,8,0,0,0.0,E2,F5,37,1,0.013513513513513514,10,3,32.0,2.875,0.09523809523809523,,4/4,0,True,56,0,20,8,17,False,True
ESTOPA_VARIAS_17_covers_Como_Camaron_Fuego_La_Raja_De_Falda__NA__m967-974__c002586.musicxml,candidate_musicxml_full_bothhands\ESTOPA_VARIAS_17_covers_Como_Camaron_Fuego_La_Raja_De_Falda__NA__m967-974__c002586.musicxml,True,,,,2,16,8,91,8,2,0,0.0,E2,F5,37,1,0.0136986301369863,10,3,32.0,2.84375,0.0963855421686747,,4/4,0,True,54,0,21,8,17,False,True
ESTOPA_VARIAS_17_covers_Como_Camaron_Fuego_La_Raja_De_Falda__NA__m976-983__c002587.musicxml,candidate_musicxml_full_bothhands\ESTOPA_VARIAS_17_covers_Como_Camaron_Fuego_La_Raja_De_Falda__NA__m976-983__c002587.musicxml,True,,,,2,16,8,94,5,2,0,0.0,E2,E5,36,2,0.024390243902439025,12,3,32.0,2.9375,0.056179775280898875,,4/4,0,True,54,0,30,5,17,False,True
ESTOPA_VARIAS_17_covers_Como_Camaron_Fuego_La_Raja_De_Falda__NA__m989-996__c002588.musicxml,candidate_musicxml_full_bothhands\ESTOPA_VARIAS_17_covers_Como_Camaron_Fuego_La_Raja_De_Falda__NA__m989-996__c002588.musicxml,True,,,,2,16,8,61,8,6,0,0.0,E2,F5,37,1,0.023255813953488372,10,4,32.0,1.90625,0.1509433962264151,,4/4,0,True,27,4,18,4,17,False,True
Etude_in_C_major__Neo_Erbler__m003-010__c000299.musicxml,candidate_musicxml_full_bothhands\Etude_in_C_major__Neo_Erbler__m003-010__c000299.musicxml,True,,,Neo Erbler,2,16,8,91,10,8,0,0.0,C3,G5,31,2,0.029411764705882353,12,4,32.0,2.84375,0.125,,4/4,0,True,45,1,25,9,14,False,True
ez_tri_gore__NA__m009-016__c002267.musicxml,candidate_musicxml_full_bothhands\ez_tri_gore__NA__m009-016__c002267.musicxml,True,,Čez tri gore,,2,16,8,31,1,5,0,0.0,D3,F5,27,1,0.037037037037037035,15,3,24.0,1.2916666666666667,0.03333333333333333,,3/4,0,True,17,0,12,1,19,False,True
ez_tri_gore__NA__m014-021__c002268.musicxml,candidate_musicxml_full_bothhands\ez_tri_gore__NA__m014-021__c002268.musicxml,True,,Čez tri gore,,2,16,8,32,1,4,1,0.03125,D3,E5,26,1,0.03571428571428571,15,3,24.0,1.3333333333333333,0.03225806451612903,,3/4,0,True,14,0,16,1,17,False,True
Feliz_Cumplea_os_Piano__NA__m001-008__c003228.musicxml,candidate_musicxml_full_bothhands\Feliz_Cumplea_os_Piano__NA__m001-008__c003228.musicxml,True,,,,2,16,8,40,8,1,0,0.0,G2,G5,36,1,0.043478260869565216,12,3,22.0,1.8181818181818181,0.25,,3/4,0,True,24,0,0,8,0,False,True
Fight_of_the_Elements__NA__m012-019__c000988.musicxml,candidate_musicxml_full_bothhands\Fight_of_the_Elements__NA__m012-019__c000988.musicxml,True,,MMmmmmmmmmmmm,,2,16,8,44,2,3,0,0.0,D2,C5,34,1,0.02631578947368421,13,3,32.0,1.375,0.047619047619047616,,4/4,0,True,29,1,11,1,13,False,True
Final_Fantasy_Adventure_--_Rising_Sun__Kenji_Ito__m001-008__c001929.musicxml,candidate_musicxml_full_bothhands\Final_Fantasy_Adventure_--_Rising_Sun__Kenji_Ito__m001-008__c001929.musicxml,True,,,,2,16,8,93,7,5,3,0.03225806451612903,A2,G5,34,3,0.03896103896103896,19,3,32.0,2.90625,0.08139534883720931,,4/4,0,True,30,0,49,7,24,False,True
Final_Fantasy_Adventure_--_Rising_Sun__Kenji_Ito__m006-013__c001930.musicxml,candidate_musicxml_full_bothhands\Final_Fantasy_Adventure_--_Rising_Sun__Kenji_Ito__m006-013__c001930.musicxml,True,,,,2,16,8,94,9,5,3,0.031914893617021274,A2,G5,34,3,0.04054054054054054,19,3,32.0,2.9375,0.10588235294117647,,4/4,0,True,31,0,45,9,24,False,True
Final_Hour_Final__Marcus_Lovett__m072-079__c001517.musicxml,candidate_musicxml_full_bothhands\Final_Hour_Final__Marcus_Lovett__m072-079__c001517.musicxml,True,,Final Hour,Marcus Lovett,2,16,8,115,9,2,6,0.05217391304347826,C2,A#4,34,1,0.011627906976744186,14,4,32.0,3.59375,0.09278350515463918,150.0,4/4,0,True,56,0,32,9,22,False,True
Final_Hour_Final__Marcus_Lovett__m081-088__c001518.musicxml,candidate_musicxml_full_bothhands\Final_Hour_Final__Marcus_Lovett__m081-088__c001518.musicxml,True,,Final Hour,Marcus Lovett,2,16,8,117,1,0,10,0.08547008547008547,C2,C5,36,1,0.008928571428571428,14,4,32.0,3.65625,0.008695652173913044,150.0,4/4,0,True,58,0,56,1,22,False,True
Fireworks_Festival_-_Weathering_With_You__By_Yojiro_NodaArr_Torby_Brand__m050-057__c003391.musicxml,candidate_musicxml_full_bothhands\Fireworks_Festival_-_Weathering_With_You__By_Yojiro_NodaArr_Torby_Brand__m050-057__c003391.musicxml,True,,,,2,16,8,51,4,2,0,0.0,G2,C7,53,2,0.05405405405405406,19,6,32.0,1.59375,0.09302325581395349,,4/4,0,True,33,2,6,2,4,False,True
Fireworks_Festival_-_Weathering_With_You__By_Yojiro_NodaArr_Torby_Brand__m060-067__c003392.musicxml,candidate_musicxml_full_bothhands\Fireworks_Festival_-_Weathering_With_You__By_Yojiro_NodaArr_Torby_Brand__m060-067__c003392.musicxml,True,,,,2,16,8,37,1,0,0,0.0,A3,C6,27,1,0.030303030303030304,12,2,32.0,1.15625,0.027777777777777776,,4/4,0,True,27,1,8,0,12,False,True
For_you__Th_o_Renovell__m065-072__c001374.musicxml,candidate_musicxml_full_bothhands\For_you__Th_o_Renovell__m065-072__c001374.musicxml,True,,For you,Théo Renovell,2,16,8,46,6,4,0,0.0,F2,E4,23,1,0.038461538461538464,16,4,32.0,1.4375,0.17647058823529413,,4/4,0,True,19,6,9,0,16,False,True
For_you__Th_o_Renovell__m070-077__c001375.musicxml,candidate_musicxml_full_bothhands\For_you__Th_o_Renovell__m070-077__c001375.musicxml,True,,For you,Théo Renovell,2,16,8,46,6,4,0,0.0,F2,E4,23,1,0.038461538461538464,16,4,32.0,1.4375,0.17647058823529413,,4/4,0,True,19,6,9,0,16,False,True
Frosty_the_snowman_-_Walter_Rollins__NA__m002-009__c002142.musicxml,candidate_musicxml_full_bothhands\Frosty_the_snowman_-_Walter_Rollins__NA__m002-009__c002142.musicxml,True,,Frosty The Snowman,Steve Nelson and Jack Rollins,2,16,8,46,1,5,1,0.021739130434782608,G2,D5,31,1,0.023809523809523808,10,3,32.0,1.4375,0.022222222222222223,,4/4,0,True,26,0,18,1,11,False,True
Frosty_the_snowman_-_Walter_Rollins__NA__m023-030__c002143.musicxml,candidate_musicxml_full_bothhands\Frosty_the_snowman_-_Walter_Rollins__NA__m023-030__c002143.musicxml,True,,Frosty The Snowman,Steve Nelson and Jack Rollins,2,16,8,51,8,2,2,0.0392156862745098,G2,D5,31,1,0.030303030303030304,12,3,32.0,1.59375,0.18604651162790697,,4/4,0,True,28,1,7,7,12,False,True
Frosty_the_snowman_-_Walter_Rollins__NA__m031-038__c002144.musicxml,candidate_musicxml_full_bothhands\Frosty_the_snowman_-_Walter_Rollins__NA__m031-038__c002144.musicxml,True,,Frosty The Snowman,Steve Nelson and Jack Rollins,2,16,8,53,6,3,3,0.05660377358490566,G2,D5,31,1,0.02564102564102564,10,3,32.0,1.65625,0.1276595744680851,,4/4,0,True,29,0,12,6,12,False,True
Fuel_to_the_fire_piano_cello__NA__m002-009__c002276.musicxml,candidate_musicxml_full_bothhands\Fuel_to_the_fire_piano_cello__NA__m002-009__c002276.musicxml,True,,Fuel to the fire,,2,16,8,75,2,3,0,0.0,D2,F5,39,1,0.014492753623188406,29,3,32.0,2.34375,0.0273972602739726,,4/4,0,True,7,2,64,0,7,False,True
Fuel_to_the_fire_piano_cello__NA__m013-020__c002277.musicxml,candidate_musicxml_full_bothhands\Fuel_to_the_fire_piano_cello__NA__m013-020__c002277.musicxml,True,,Fuel to the fire,,2,16,8,84,4,10,0,0.0,B2,G6,44,1,0.013513513513513514,12,3,32.0,2.625,0.05,,4/4,0,True,12,4,64,0,15,False,True
Fuel_to_the_fire_piano_cello__NA__m018-025__c002278.musicxml,candidate_musicxml_full_bothhands\Fuel_to_the_fire_piano_cello__NA__m018-025__c002278.musicxml,True,,Fuel to the fire,,2,16,8,94,4,9,0,0.0,B2,E7,53,2,0.024096385542168676,12,4,32.0,2.9375,0.0449438202247191,,4/4,0,True,21,4,64,0,15,False,True
Fuel_to_the_fire_piano_cello__NA__m025-032__c002279.musicxml,candidate_musicxml_full_bothhands\Fuel_to_the_fire_piano_cello__NA__m025-032__c002279.musicxml,True,,Fuel to the fire,,2,16,8,114,5,5,0,0.0,A2,E7,55,2,0.019801980198019802,12,4,32.0,3.5625,0.046296296296296294,,4/4,0,True,39,5,64,0,17,False,True
Fuel_to_the_fire_piano_cello__NA__m050-057__c002280.musicxml,candidate_musicxml_full_bothhands\Fuel_to_the_fire_piano_cello__NA__m050-057__c002280.musicxml,True,,Fuel to the fire,,2,16,8,87,6,7,0,0.0,A2,F6,44,2,0.0273972602739726,12,3,32.0,2.71875,0.07407407407407407,,4/4,0,True,11,6,64,0,17,False,True
Fuel_to_the_fire_piano_cello__NA__m057-064__c002281.musicxml,candidate_musicxml_full_bothhands\Fuel_to_the_fire_piano_cello__NA__m057-064__c002281.musicxml,True,,Fuel to the fire,,2,16,8,85,5,11,0,0.0,B2,G6,44,1,0.0136986301369863,12,3,32.0,2.65625,0.0625,,4/4,0,True,11,5,64,0,15,False,True
Fuga_in_c-dur3333__MY_and_KD__m036-043__c001169.musicxml,candidate_musicxml_full_bothhands\Fuga_in_c-dur3333__MY_and_KD__m036-043__c001169.musicxml,True,,Fuga in c-dur,MY and KD,2,16,8,39,7,0,1,0.02564102564102564,D2,B5,45,1,0.043478260869565216,10,4,16.0,2.4375,0.21875,,2/4,0,True,12,4,13,3,10,False,True
Fuga_in_c-dur3333__MY_and_KD__m055-062__c001171.musicxml,candidate_musicxml_full_bothhands\Fuga_in_c-dur3333__MY_and_KD__m055-062__c001171.musicxml,True,,Fuga in c-dur,MY and KD,2,16,8,129,1,0,4,0.031007751937984496,C3,G5,31,2,0.016,14,3,16.0,8.0625,0.0078125,,2/4,0,True,64,0,63,1,14,False,True
Fuga_in_c-dur3333__MY_and_KD__m090-097__c001172.musicxml,candidate_musicxml_full_bothhands\Fuga_in_c-dur3333__MY_and_KD__m090-097__c001172.musicxml,True,,Fuga in c-dur,MY and KD,2,16,8,73,3,3,3,0.0410958904109589,F2,G5,38,1,0.015384615384615385,15,3,16.0,4.5625,0.04285714285714286,,2/4,0,True,3,3,64,0,11,False,True
F_r_Ludwig_Op._4__Paige_Youden__m004-011__c001357.musicxml,candidate_musicxml_full_bothhands\F_r_Ludwig_Op._4__Paige_Youden__m004-011__c001357.musicxml,True,,For Erik,,2,16,8,75,8,28,3,0.04,C3,E5,28,1,0.017543859649122806,12,3,32.0,2.34375,0.11940298507462686,,4/4,0,True,43,2,16,6,9,False,True
F_r_Ludwig_Op._4__Paige_Youden__m009-016__c001358.musicxml,candidate_musicxml_full_bothhands\F_r_Ludwig_Op._4__Paige_Youden__m009-016__c001358.musicxml,True,,For Erik,,2,16,8,67,6,26,3,0.04477611940298507,C3,E5,28,1,0.018867924528301886,12,3,32.0,2.09375,0.09836065573770492,,4/4,0,True,34,2,21,4,7,False,True
F_r_Ludwig_Op._4__Paige_Youden__m014-021__c001359.musicxml,candidate_musicxml_full_bothhands\F_r_Ludwig_Op._4__Paige_Youden__m014-021__c001359.musicxml,True,,For Erik,,2,16,8,54,1,22,3,0.05555555555555555,A2,E5,31,1,0.02040816326530612,10,3,32.0,1.6875,0.019230769230769232,,4/4,0,True,25,0,26,1,17,False,True
F_r_Ludwig_Op._4__Paige_Youden__m020-027__c001360.musicxml,candidate_musicxml_full_bothhands\F_r_Ludwig_Op._4__Paige_Youden__m020-027__c001360.musicxml,True,,For Erik,,2,16,8,53,6,10,0,0.0,G2,E5,33,2,0.06060606060606061,14,4,32.0,1.65625,0.14634146341463414,,4/4,0,True,28,0,7,6,13,False,True
F_r_Ludwig_Op._4__Paige_Youden__m036-043__c001362.musicxml,candidate_musicxml_full_bothhands\F_r_Ludwig_Op._4__Paige_Youden__m036-043__c001362.musicxml,True,,For Erik,,2,16,8,32,2,11,0,0.0,G2,F5,34,2,0.07692307692307693,12,2,32.0,1.0,0.06666666666666667,,4/4,0,True,15,1,13,1,14,False,True
F_r_Ludwig_Op._4__Paige_Youden__m041-048__c001363.musicxml,candidate_musicxml_full_bothhands\F_r_Ludwig_Op._4__Paige_Youden__m041-048__c001363.musicxml,True,,For Erik,,2,16,8,36,6,10,0,0.0,G2,F5,34,2,0.1,12,3,32.0,1.125,0.21428571428571427,,4/4,0,True,15,3,7,3,12,False,True
F_r_Ludwig_Op._4__Paige_Youden__m050-057__c001364.musicxml,candidate_musicxml_full_bothhands\F_r_Ludwig_Op._4__Paige_Youden__m050-057__c001364.musicxml,True,,For Erik,,2,16,8,31,6,9,0,0.0,D2,E5,38,1,0.07692307692307693,12,3,32.0,0.96875,0.2857142857142857,,4/4,0,True,6,1,9,5,12,False,True
F_r_Ludwig_Op._4__Paige_Youden__m055-062__c001365.musicxml,candidate_musicxml_full_bothhands\F_r_Ludwig_Op._4__Paige_Youden__m055-062__c001365.musicxml,True,,For Erik,,2,16,8,34,5,8,0,0.0,A1,E5,43,1,0.058823529411764705,14,4,32.0,1.0625,0.20833333333333334,,4/4,0,True,18,0,1,5,0,False,True
F_r_Ludwig_Op._4__Paige_Youden__m070-077__c001366.musicxml,candidate_musicxml_full_bothhands\F_r_Ludwig_Op._4__Paige_Youden__m070-077__c001366.musicxml,True,,For Erik,,2,16,8,38,1,16,0,0.0,A2,E5,31,2,0.06060606060606061,11,3,32.0,1.1875,0.027777777777777776,,4/4,0,True,22,0,13,1,7,False,True
F_r_Ludwig_Op._4__Paige_Youden__m075-082__c001367.musicxml,candidate_musicxml_full_bothhands\F_r_Ludwig_Op._4__Paige_Youden__m075-082__c001367.musicxml,True,,For Erik,,2,16,8,33,6,8,0,0.0,A1,E5,43,2,0.15384615384615385,12,4,32.0,1.03125,0.2857142857142857,,4/4,0,True,10,0,5,6,5,False,True
Gallifrey_theme..._kind_of__Murray_Gold__m027-034__c000577.musicxml,candidate_musicxml_full_bothhands\Gallifrey_theme..._kind_of__Murray_Gold__m027-034__c000577.musicxml,True,,Gallifrey... ish,Murray Gold,2,16,8,63,1,8,0,0.0,A2,B5,38,1,0.01694915254237288,12,3,32.0,1.96875,0.016129032258064516,230.0,4/4,0,True,39,1,22,0,15,False,True
Gallifrey_theme..._kind_of__Murray_Gold__m032-039__c000578.musicxml,candidate_musicxml_full_bothhands\Gallifrey_theme..._kind_of__Murray_Gold__m032-039__c000578.musicxml,True,,Gallifrey... ish,Murray Gold,2,16,8,46,1,15,0,0.0,A2,A5,36,1,0.023809523809523808,12,3,32.0,1.4375,0.022222222222222223,230.0,4/4,0,True,29,1,15,0,7,False,True
Gallifrey_theme..._kind_of__Murray_Gold__m058-065__c000579.musicxml,candidate_musicxml_full_bothhands\Gallifrey_theme..._kind_of__Murray_Gold__m058-065__c000579.musicxml,True,,Gallifrey... ish,Murray Gold,2,16,8,57,1,20,4,0.07017543859649122,C3,C6,36,1,0.018867924528301886,11,3,32.0,1.78125,0.017857142857142856,,4/4,0,True,44,1,11,0,12,False,True
Games_-_The_Strokes_Piano__The_Strokes__m008-015__c000304.musicxml,candidate_musicxml_full_bothhands\Games_-_The_Strokes_Piano__The_Strokes__m008-015__c000304.musicxml,True,,,,2,16,8,64,9,35,0,0.0,E2,C6,44,1,0.027777777777777776,17,5,32.0,2.0,0.19148936170212766,,4/4,0,True,3,1,35,8,17,False,True
Games_-_The_Strokes_Piano__The_Strokes__m109-116__c000307.musicxml,candidate_musicxml_full_bothhands\Games_-_The_Strokes_Piano__The_Strokes__m109-116__c000307.musicxml,True,,,,2,16,8,106,2,12,0,0.0,A1,C5,39,1,0.010101010101010102,10,5,32.0,3.3125,0.019417475728155338,,4/4,0,True,47,1,54,1,15,False,True
Gdy_si_Chrystus_rodzi_wersja_Nowoczesna__Aran_acja_Jakub_Korbanek__m001-008__c001813.musicxml,candidate_musicxml_full_bothhands\Gdy_si_Chrystus_rodzi_wersja_Nowoczesna__Aran_acja_Jakub_Korbanek__m001-008__c001813.musicxml,True,,,,2,16,8,53,8,0,0,0.0,C2,C5,36,2,0.05714285714285714,24,3,32.0,1.65625,0.17777777777777778,,4/4,0,True,14,8,23,0,24,False,True
Ghostbuster__Arrgt_S._Hermand__m015-022__c002468.musicxml,candidate_musicxml_full_bothhands\Ghostbuster__Arrgt_S._Hermand__m015-022__c002468.musicxml,True,,,,2,16,8,87,1,5,7,0.08045977011494253,D2,F#5,40,1,0.012048192771084338,15,2,32.0,2.71875,0.011627906976744186,,4/4,0,True,58,0,27,1,15,False,True
Giant_Woman__Rebeca_Sugars__m002-009__c000131.musicxml,candidate_musicxml_full_bothhands\Giant_Woman__Rebeca_Sugars__m002-009__c000131.musicxml,True,,Giant Woman,Rebeca Sugars,2,16,8,63,7,23,0,0.0,F2,C6,43,1,0.025,12,4,32.0,1.96875,0.14285714285714285,,4/4,0,True,39,0,3,7,12,False,True
Glitter_Starving_Trancer_Remix_Fairy_Tail_Ending_11__Arr._LoisCovers__m001-008__c001952.musicxml,candidate_musicxml_full_bothhands\Glitter_Starving_Trancer_Remix_Fairy_Tail_Ending_11__Arr._LoisCovers__m001-008__c001952.musicxml,True,,Song: Glitter (Starving Trancer Remix),Arr. LoisCovers,2,16,8,71,6,0,0,0.0,C4,C7,36,3,0.05263157894736842,12,3,32.0,2.21875,0.09230769230769231,70.0,4/4,0,True,31,6,28,0,12,False,True
Good_Grief_-_Bastille__BastilleArranged_by_Sadie_King__m005-012__c003233.musicxml,candidate_musicxml_full_bothhands\Good_Grief_-_Bastille__BastilleArranged_by_Sadie_King__m005-012__c003233.musicxml,True,,Good Grief,Bastille,2,16,8,94,4,1,1,0.010638297872340425,G2,E5,33,2,0.025,11,4,32.0,2.9375,0.046511627906976744,,4/4,0,True,50,0,32,4,21,False,True
Good_Grief_-_Bastille__BastilleArranged_by_Sadie_King__m014-021__c003234.musicxml,candidate_musicxml_full_bothhands\Good_Grief_-_Bastille__BastilleArranged_by_Sadie_King__m014-021__c003234.musicxml,True,,Good Grief,Bastille,2,16,8,49,8,4,0,0.0,F2,C5,31,1,0.041666666666666664,14,5,32.0,1.53125,0.24242424242424243,,4/4,0,True,25,0,0,8,0,False,True
Guess_the_Song_-_Sad_Edition_-_Finished__NA__m009-016__c002777.musicxml,candidate_musicxml_full_bothhands\Guess_the_Song_-_Sad_Edition_-_Finished__NA__m009-016__c002777.musicxml,True,,Guess the Song 2,,2,16,8,44,6,2,0,0.0,A3,A6,36,2,0.07692307692307693,14,4,32.0,1.375,0.17647058823529413,75.0,4/4,0,True,12,6,16,0,19,False,True
Guess_the_Song_-_Sad_Edition_-_Finished__NA__m022-029__c002778.musicxml,candidate_musicxml_full_bothhands\Guess_the_Song_-_Sad_Edition_-_Finished__NA__m022-029__c002778.musicxml,True,,Guess the Song 2,,2,16,8,47,3,10,4,0.0851063829787234,G3,E6,33,2,0.05555555555555555,19,4,32.0,1.46875,0.07317073170731707,80.0,4/4,0,True,22,3,16,0,19,False,True
Gyromite_Music_NES-Game_A_BGM__NA__m003-010__c003447.musicxml,candidate_musicxml_full_bothhands\Gyromite_Music_NES-Game_A_BGM__NA__m003-010__c003447.musicxml,True,,,,2,16,8,56,8,10,1,0.017857142857142856,G2,D5,31,2,0.05405405405405406,12,3,32.0,1.75,0.1702127659574468,,4/4,0,True,27,8,12,0,12,False,True
Gyromite_Music_NES-Game_A_BGM__NA__m058-065__c003448.musicxml,candidate_musicxml_full_bothhands\Gyromite_Music_NES-Game_A_BGM__NA__m058-065__c003448.musicxml,True,,,,2,16,8,33,2,16,0,0.0,C3,G5,31,2,0.07407407407407407,15,2,32.0,1.03125,0.06451612903225806,,4/4,0,True,19,2,10,0,7,False,True
Gyromite_Music_NES-Game_A_BGM__NA__m086-093__c003449.musicxml,candidate_musicxml_full_bothhands\Gyromite_Music_NES-Game_A_BGM__NA__m086-093__c003449.musicxml,True,,,,2,16,8,43,3,9,0,0.0,G2,C5,29,2,0.05714285714285714,12,2,32.0,1.34375,0.075,,4/4,0,True,3,3,34,0,12,False,True
G_Mixol_dio__NA__m001-008__c000154.musicxml,candidate_musicxml_full_bothhands\G_Mixol_dio__NA__m001-008__c000154.musicxml,True,,,,2,16,8,87,6,0,0,0.0,G3,C6,29,2,0.0273972602739726,19,3,32.0,2.71875,0.07407407407407407,,4/4,0,True,42,0,33,6,19,False,True
Haiku_for_the_Rain__Antoine_Merienne__m017-024__c003739.musicxml,candidate_musicxml_full_bothhands\Haiku_for_the_Rain__Antoine_Merienne__m017-024__c003739.musicxml,True,,Haiku for the Rain,Antoine Merienne,2,16,8,47,6,0,0,0.0,E3,E5,24,1,0.03125,15,4,24.0,1.9583333333333333,0.15,,3/4,0,True,27,0,7,6,8,False,True
Haikyuu_-_Tsuyoku_Nare__Yuuki_Hayashi__m017-024__c000547.musicxml,candidate_musicxml_full_bothhands\Haikyuu_-_Tsuyoku_Nare__Yuuki_Hayashi__m017-024__c000547.musicxml,True,,Tsukoku Nare,Yuuki Hayashi,2,16,8,47,5,0,0,0.0,F2,B5,42,3,0.09090909090909091,34,4,32.0,1.46875,0.125,,4/4,0,True,21,2,14,3,38,False,True
Haikyuu_-_Tsuyoku_Nare__Yuuki_Hayashi__m027-034__c000548.musicxml,candidate_musicxml_full_bothhands\Haikyuu_-_Tsuyoku_Nare__Yuuki_Hayashi__m027-034__c000548.musicxml,True,,Tsukoku Nare,Yuuki Hayashi,2,16,8,47,7,0,0,0.0,F2,A4,28,3,0.0967741935483871,16,4,32.0,1.46875,0.175,,4/4,0,True,19,2,14,5,18,False,True
Haikyuu_-_Tsuyoku_Nare__Yuuki_Hayashi__m032-039__c000549.musicxml,candidate_musicxml_full_bothhands\Haikyuu_-_Tsuyoku_Nare__Yuuki_Hayashi__m032-039__c000549.musicxml,True,,Tsukoku Nare,Yuuki Hayashi,2,16,8,51,9,0,0,0.0,E2,A4,29,1,0.03225806451612903,12,4,32.0,1.59375,0.21428571428571427,,4/4,0,True,20,3,13,6,12,False,True
Haikyuu_-_Tsuyoku_Nare__Yuuki_Hayashi__m049-056__c000550.musicxml,candidate_musicxml_full_bothhands\Haikyuu_-_Tsuyoku_Nare__Yuuki_Hayashi__m049-056__c000550.musicxml,True,,Tsukoku Nare,Yuuki Hayashi,2,16,8,45,9,1,0,0.0,G2,F5,34,2,0.08333333333333333,17,4,32.0,1.40625,0.2571428571428571,,4/4,0,True,17,4,9,5,19,False,True
Haikyuu_-_Tsuyoku_Nare__Yuuki_Hayashi__m075-082__c000552.musicxml,candidate_musicxml_full_bothhands\Haikyuu_-_Tsuyoku_Nare__Yuuki_Hayashi__m075-082__c000552.musicxml,True,,Tsukoku Nare,Yuuki Hayashi,2,16,8,36,8,1,0,0.0,C2,E6,52,3,0.2,16,4,32.0,1.125,0.32,,4/4,0,True,9,5,8,3,33,False,True
HAPPY_BIRTHDAY_-_Piano__Patty_Hill_Mildred_J.Hill__m014-021__c001864.musicxml,candidate_musicxml_full_bothhands\HAPPY_BIRTHDAY_-_Piano__Patty_Hill_Mildred_J.Hill__m014-021__c001864.musicxml,True,,HAPPY BIRTHDAY,Patty Hill & Mildred J.Hill,2,16,8,51,2,0,0,0.0,C3,G5,31,1,0.022727272727272728,12,4,24.0,2.125,0.041666666666666664,,3/4,0,True,24,0,22,2,14,False,True
Happy_Birthday__Nh_c_s_Nguy_n_V_n_D_ng__m001-008__c003243.musicxml,candidate_musicxml_full_bothhands\Happy_Birthday__Nh_c_s_Nguy_n_V_n_D_ng__m001-008__c003243.musicxml,True,,Happy Birthday,,2,16,8,52,9,7,0,0.0,B2,G5,32,1,0.041666666666666664,12,4,24.0,2.1666666666666665,0.2647058823529412,,3/4,0,True,25,0,0,9,0,False,True
Happy_Little_Pill__NA__m002-009__c000990.musicxml,candidate_musicxml_full_bothhands\Happy_Little_Pill__NA__m002-009__c000990.musicxml,True,,Happy Little Pill,,2,16,8,57,8,8,0,0.0,E2,B5,43,1,0.03125,10,4,32.0,1.78125,0.1951219512195122,,4/4,0,True,33,0,0,8,0,False,True
Happy_Little_Pill__NA__m007-014__c000991.musicxml,candidate_musicxml_full_bothhands\Happy_Little_Pill__NA__m007-014__c000991.musicxml,True,,Happy Little Pill,,2,16,8,69,8,6,0,0.0,E2,D5,34,1,0.022727272727272728,10,4,32.0,2.15625,0.1509433962264151,,4/4,0,True,45,0,0,8,0,False,True
Happy_Little_Pill__NA__m022-029__c000992.musicxml,candidate_musicxml_full_bothhands\Happy_Little_Pill__NA__m022-029__c000992.musicxml,True,,Happy Little Pill,,2,16,8,67,8,13,2,0.029850746268656716,E2,B5,43,1,0.023809523809523808,19,4,32.0,2.09375,0.1568627450980392,,4/4,0,True,43,0,0,8,0,False,True
Happy_Little_Pill__NA__m027-034__c000993.musicxml,candidate_musicxml_full_bothhands\Happy_Little_Pill__NA__m027-034__c000993.musicxml,True,,Happy Little Pill,,2,16,8,53,8,6,0,0.0,E2,B5,43,1,0.03571428571428571,19,4,32.0,1.65625,0.21621621621621623,,4/4,0,True,29,0,0,8,0,False,True
Happy_Little_Pill__NA__m032-039__c000994.musicxml,candidate_musicxml_full_bothhands\Happy_Little_Pill__NA__m032-039__c000994.musicxml,True,,Happy Little Pill,,2,16,8,58,8,8,1,0.017241379310344827,E2,E5,36,1,0.030303030303030304,10,4,32.0,1.8125,0.19047619047619047,,4/4,0,True,34,0,0,8,0,False,True
Happy_Little_Pill__NA__m050-057__c000995.musicxml,candidate_musicxml_full_bothhands\Happy_Little_Pill__NA__m050-057__c000995.musicxml,True,,Happy Little Pill,,2,16,8,67,8,13,2,0.029850746268656716,E2,B5,43,1,0.023809523809523808,19,4,32.0,2.09375,0.1568627450980392,,4/4,0,True,43,0,0,8,0,False,True
Happy_Little_Pill__NA__m055-062__c000996.musicxml,candidate_musicxml_full_bothhands\Happy_Little_Pill__NA__m055-062__c000996.musicxml,True,,Happy Little Pill,,2,16,8,54,8,5,0,0.0,E2,B5,43,1,0.034482758620689655,19,4,32.0,1.6875,0.21052631578947367,,4/4,0,True,30,0,0,8,0,False,True
Happy_Little_Pill__NA__m060-067__c000997.musicxml,candidate_musicxml_full_bothhands\Happy_Little_Pill__NA__m060-067__c000997.musicxml,True,,Happy Little Pill,,2,16,8,58,8,5,0,0.0,E2,B5,43,1,0.030303030303030304,12,4,32.0,1.8125,0.19047619047619047,,4/4,0,True,34,0,0,8,0,False,True
Havana__NA__m063-070__c001700.musicxml,candidate_musicxml_full_bothhands\Havana__NA__m063-070__c001700.musicxml,True,,,,2,16,8,55,1,12,0,0.0,E3,G5,27,1,0.0196078431372549,10,2,39.5,1.3924050632911393,0.018518518518518517,,4/4,0,True,41,1,12,0,5,False,True
Havana__NA__m083-090__c001701.musicxml,candidate_musicxml_full_bothhands\Havana__NA__m083-090__c001701.musicxml,True,,,,2,16,8,46,2,10,0,0.0,E3,C6,32,1,0.025,13,2,36.0,1.2777777777777777,0.045454545454545456,,4/4,0,True,32,2,10,0,5,False,True
Himno_Atl_tico_de_Madrid__Compuesto_por_J.A._Granados_A._Curr_s__m001-008__c003230.musicxml,candidate_musicxml_full_bothhands\Himno_Atl_tico_de_Madrid__Compuesto_por_J.A._Granados_A._Curr_s__m001-008__c003230.musicxml,True,,Himno Atlético de Madrid,Compuesto por J.A. Granados & A. Currás,2,16,8,54,3,5,0,0.0,F2,G5,38,1,0.021739130434782608,12,3,29.0,1.8620689655172413,0.058823529411764705,,4/4,0,True,32,0,16,3,5,False,True
Himno_Atl_tico_de_Madrid__Compuesto_por_J.A._Granados_A._Curr_s__m012-019__c003231.musicxml,candidate_musicxml_full_bothhands\Himno_Atl_tico_de_Madrid__Compuesto_por_J.A._Granados_A._Curr_s__m012-019__c003231.musicxml,True,,Himno Atlético de Madrid,Compuesto por J.A. Granados & A. Currás,2,16,8,62,2,6,2,0.03225806451612903,C2,A5,45,2,0.03571428571428571,12,3,32.0,1.9375,0.03333333333333333,,4/4,0,True,31,0,27,2,17,False,True
Holy_Night_Stille_Nacht__NA__m002-009__c002102.musicxml,candidate_musicxml_full_bothhands\Holy_Night_Stille_Nacht__NA__m002-009__c002102.musicxml,True,,Stille Nacht,,2,16,8,66,4,0,0,0.0,G2,G5,36,1,0.019230769230769232,10,6,24.0,2.75,0.06896551724137931,,3/4,0,True,12,3,42,1,12,False,True
Holy_Night_Stille_Nacht__NA__m021-028__c002103.musicxml,candidate_musicxml_full_bothhands\Holy_Night_Stille_Nacht__NA__m021-028__c002103.musicxml,True,,Stille Nacht,,2,16,8,59,2,0,0,0.0,G2,F5,34,1,0.0196078431372549,12,4,24.0,2.4583333333333335,0.03636363636363636,,3/4,0,True,17,0,36,2,21,False,True
Hopeful_Ending__NA__m007-014__c003507.musicxml,candidate_musicxml_full_bothhands\Hopeful_Ending__NA__m007-014__c003507.musicxml,True,,Peace 100bpm,,2,16,8,36,10,6,0,0.0,G2,G5,36,3,0.2,16,4,32.0,1.125,0.38461538461538464,,4/4,0,True,16,1,0,9,0,False,True
House_Carpenter_w_base_line_seperate__NA__m005-012__c002491.musicxml,candidate_musicxml_full_bothhands\House_Carpenter_w_base_line_seperate__NA__m005-012__c002491.musicxml,True,,House Carpenter w/ base line,,2,16,8,55,1,32,0,0.0,E3,E5,24,1,0.0196078431372549,12,2,32.0,1.71875,0.018518518518518517,,4/4,0,True,37,1,16,0,5,False,True
House_Carpenter_w_base_line_seperate__NA__m014-021__c002492.musicxml,candidate_musicxml_full_bothhands\House_Carpenter_w_base_line_seperate__NA__m014-021__c002492.musicxml,True,,House Carpenter w/ base line,,2,16,8,53,1,38,0,0.0,E3,G5,27,1,0.02040816326530612,17,2,32.0,1.65625,0.019230769230769232,,4/4,0,True,35,1,16,0,5,False,True
Howl_s_Moving_Castle_-_Promise_of_the_World__Composed_byJoe_Hisaishi_Transcribed_by_Andrea_Tam__m001-008__c002442.musicxml,candidate_musicxml_full_bothhands\Howl_s_Moving_Castle_-_Promise_of_the_World__Composed_byJoe_Hisaishi_Transcribed_by_Andrea_Tam__m001-008__c002442.musicxml,True,,,,2,16,8,39,4,1,1,0.02564102564102564,C3,A5,33,1,0.034482758620689655,12,4,22.0,1.7727272727272727,0.11428571428571428,50.0,3/4,0,True,16,2,15,2,12,False,True
Howl_s_Moving_Castle_-_Promise_of_the_World__Composed_byJoe_Hisaishi_Transcribed_by_Andrea_Tam__m036-043__c002443.musicxml,candidate_musicxml_full_bothhands\Howl_s_Moving_Castle_-_Promise_of_the_World__Composed_byJoe_Hisaishi_Transcribed_by_Andrea_Tam__m036-043__c002443.musicxml,True,,,,2,16,8,81,10,0,4,0.04938271604938271,C3,B5,35,2,0.03389830508474576,11,3,24.0,3.375,0.14084507042253522,,3/4,0,True,13,10,48,0,17,False,True
How_to_Train_Your_Dragon_Flying_Theme__Perfect_Harmony__m001-008__c002823.musicxml,candidate_musicxml_full_bothhands\How_to_Train_Your_Dragon_Flying_Theme__Perfect_Harmony__m001-008__c002823.musicxml,True,,Flying Theme,Perfect Harmony,2,16,8,81,5,0,0,0.0,G2,F5,34,2,0.028985507246376812,12,3,32.0,2.53125,0.06578947368421052,,4/4,0,True,61,0,10,5,12,False,True
Identity_V_-_Custom_Lobby_ver.1__Skogi__m067-074__c002925.musicxml,candidate_musicxml_full_bothhands\Identity_V_-_Custom_Lobby_ver.1__Skogi__m067-074__c002925.musicxml,True,,,,2,16,8,59,4,15,3,0.05084745762711865,D2,E5,38,1,0.02040816326530612,10,2,32.0,1.84375,0.07272727272727272,,4/4,0,True,12,4,39,0,21,False,True
Identity_V_-_Custom_Lobby_ver.1__Skogi__m073-080__c002926.musicxml,candidate_musicxml_full_bothhands\Identity_V_-_Custom_Lobby_ver.1__Skogi__m073-080__c002926.musicxml,True,,,,2,16,8,52,10,8,1,0.019230769230769232,D4,E5,14,1,0.03225806451612903,10,2,32.0,1.625,0.23809523809523808,,4/4,0,True,32,10,0,0,0,False,True
Improvise_with_fire__Janceman__m010-017__c000694.musicxml,candidate_musicxml_full_bothhands\Improvise_with_fire__Janceman__m010-017__c000694.musicxml,True,,"Etude ""Rage""",Benson Wong,2,16,8,128,3,10,1,0.0078125,D2,D5,36,2,0.01694915254237288,12,6,32.0,4.0,0.024390243902439025,,4/4,0,True,97,2,23,1,19,False,True
Indian_National_Anthem__Rabindranath_Tagore__m017-024__c003716.musicxml,candidate_musicxml_full_bothhands\Indian_National_Anthem__Rabindranath_Tagore__m017-024__c003716.musicxml,True,,Indian National Anthem,Rabindranath Tagore,2,16,8,112,1,4,2,0.017857142857142856,C2,C5,36,2,0.018691588785046728,12,4,32.0,3.5,0.00909090909090909,,4/4,0,True,53,0,56,1,19,False,True
Into_the_Lake__Liam_Lancaster__m041-048__c001796.musicxml,candidate_musicxml_full_bothhands\Into_the_Lake__Liam_Lancaster__m041-048__c001796.musicxml,True,,Fred,Liam Lancaster,2,16,8,57,2,10,4,0.07017543859649122,G1,F5,46,3,0.058823529411764705,26,4,32.0,1.78125,0.03636363636363636,,4/4,0,True,27,1,26,1,27,False,True
In_the_Hall_of_the_Mountain_King__Edvard_Grieg__m001-008__c002315.musicxml,candidate_musicxml_full_bothhands\In_the_Hall_of_the_Mountain_King__Edvard_Grieg__m001-008__c002315.musicxml,True,,In the Hall of the Mountain King,Edvard Grieg,2,16,8,77,1,2,6,0.07792207792207792,A1,E5,43,1,0.0136986301369863,10,2,32.0,2.40625,0.013157894736842105,,4/4,0,True,47,1,28,0,10,False,True
in_the_woods-_doro__NA__m046-053__c002318.musicxml,candidate_musicxml_full_bothhands\in_the_woods-_doro__NA__m046-053__c002318.musicxml,True,,own 2,,2,16,8,154,3,0,0,0.0,E2,D6,46,3,0.02097902097902098,12,4,32.0,4.8125,0.02027027027027027,,4/4,0,True,17,3,128,0,24,False,True
in_the_woods-_doro__NA__m053-060__c002319.musicxml,candidate_musicxml_full_bothhands\in_the_woods-_doro__NA__m053-060__c002319.musicxml,True,,own 2,,2,16,8,168,6,0,10,0.05952380952380952,C2,C6,48,3,0.02027027027027027,11,4,32.0,5.25,0.038461538461538464,,4/4,0,True,22,6,128,0,23,False,True
IONKNO__NA__m024-031__c001376.musicxml,candidate_musicxml_full_bothhands\IONKNO__NA__m024-031__c001376.musicxml,True,,BUMBUM,,2,16,8,80,8,0,0,0.0,B2,E5,29,1,0.015873015873015872,11,3,32.0,2.5,0.1111111111111111,,4/4,0,True,64,0,0,8,0,False,True
I_1__NA__m017-024__c003605.musicxml,candidate_musicxml_full_bothhands\I_1__NA__m017-024__c003605.musicxml,True,,I,,2,16,8,59,2,2,3,0.05084745762711865,G2,C6,41,2,0.03773584905660377,10,3,24.0,2.4583333333333335,0.03508771929824561,,3/4,0,True,42,0,13,2,7,False,True
I_am_Setsuna_-_Piano_Collection_Original_and_Adapted_Arrangements__Composed_by_Tomoki_Miyoshi__m086-093__c000960.musicxml,candidate_musicxml_full_bothhands\I_am_Setsuna_-_Piano_Collection_Original_and_Adapted_Arrangements__Composed_by_Tomoki_Miyoshi__m086-093__c000960.musicxml,True,,I am Setsuna (Piano Collection),,2,16,8,40,9,1,0,0.0,C2,D5,38,1,0.05,26,3,24.0,1.6666666666666667,0.2903225806451613,,3/4,0,True,7,6,15,3,26,False,True
I_Don_t_Love_You__My_Chemical_Romance__m036-043__c003099.musicxml,candidate_musicxml_full_bothhands\I_Don_t_Love_You__My_Chemical_Romance__m036-043__c003099.musicxml,True,,I Don't Love You,My Chemical Romance,2,16,8,102,8,8,0,0.0,G2,F4,22,1,0.011904761904761904,12,3,32.0,3.1875,0.0851063829787234,,4/4,0,True,58,0,28,8,17,False,True
I_like_reading__Leon_Tan__m001-008__c003638.musicxml,candidate_musicxml_full_bothhands\I_like_reading__Leon_Tan__m001-008__c003638.musicxml,True,,I like reading,Leon Tan,2,16,8,31,3,5,0,0.0,E2,A4,29,2,0.08695652173913043,17,3,16.0,1.9375,0.10714285714285714,70.0,2/4,0,True,20,0,5,3,20,False,True
I_like_reading__Leon_Tan__m006-013__c003639.musicxml,candidate_musicxml_full_bothhands\I_like_reading__Leon_Tan__m006-013__c003639.musicxml,True,,I like reading,Leon Tan,2,16,8,36,1,2,0,0.0,G2,D5,31,1,0.03125,17,3,16.0,2.25,0.02857142857142857,,2/4,0,True,27,0,7,1,17,False,True
I_Love_your_Way_of_Liking_-_2nd_Composition__Thoma_Nimation__m009-016__c003720.musicxml,candidate_musicxml_full_bothhands\I_Love_your_Way_of_Liking_-_2nd_Composition__Thoma_Nimation__m009-016__c003720.musicxml,True,,,,2,16,8,71,3,16,6,0.08450704225352113,G2,E5,33,2,0.03225806451612903,16,4,32.0,2.21875,0.04477611940298507,,4/4,0,True,39,0,25,3,9,False,True
Jesus_Love_Me__Edwin_Jhon_Vangel_Sipayung__m022-029__c003513.musicxml,candidate_musicxml_full_bothhands\Jesus_Love_Me__Edwin_Jhon_Vangel_Sipayung__m022-029__c003513.musicxml,True,,Jesus Love Me,Edwin,2,16,8,50,3,1,0,0.0,G3,C5,17,2,0.05128205128205128,12,4,32.0,1.5625,0.06818181818181818,,4/4,0,True,18,3,23,0,17,False,True
Jesus_Love_Me__Edwin_Jhon_Vangel_Sipayung__m030-037__c003514.musicxml,candidate_musicxml_full_bothhands\Jesus_Love_Me__Edwin_Jhon_Vangel_Sipayung__m030-037__c003514.musicxml,True,,Jesus Love Me,Edwin,2,16,8,44,5,1,0,0.0,C4,G5,19,2,0.06666666666666667,12,4,32.0,1.375,0.13513513513513514,,4/4,0,True,15,4,17,1,12,False,True
Je_l_aime_mourir_-_Francis_Cabrel__Francis_Cabrel__m004-011__c002294.musicxml,candidate_musicxml_full_bothhands\Je_l_aime_mourir_-_Francis_Cabrel__Francis_Cabrel__m004-011__c002294.musicxml,True,,Je l'aime à mourir,Francis Cabrel,2,16,8,51,9,13,0,0.0,A2,E5,31,1,0.03225806451612903,10,3,32.0,1.59375,0.21428571428571427,,4/4,0,True,12,9,21,0,10,False,True
Je_l_aime_mourir_-_Francis_Cabrel__Francis_Cabrel__m038-045__c002298.musicxml,candidate_musicxml_full_bothhands\Je_l_aime_mourir_-_Francis_Cabrel__Francis_Cabrel__m038-045__c002298.musicxml,True,,Je l'aime à mourir,Francis Cabrel,2,16,8,45,4,2,0,0.0,G2,F5,34,1,0.02857142857142857,14,3,32.0,1.40625,0.0975609756097561,,4/4,0,True,15,4,22,0,14,False,True
Je_l_aime_mourir_-_Francis_Cabrel__Francis_Cabrel__m046-053__c002299.musicxml,candidate_musicxml_full_bothhands\Je_l_aime_mourir_-_Francis_Cabrel__Francis_Cabrel__m046-053__c002299.musicxml,True,,Je l'aime à mourir,Francis Cabrel,2,16,8,38,2,4,0,0.0,F2,D5,33,1,0.03125,16,3,32.0,1.1875,0.05555555555555555,,4/4,0,True,12,2,22,0,16,False,True
John_Fahey_-_Voice_of_the_turtle__Composed_by_John_Fahey__m034-041__c003251.musicxml,candidate_musicxml_full_bothhands\John_Fahey_-_Voice_of_the_turtle__Composed_by_John_Fahey__m034-041__c003251.musicxml,True,,turtle,,2,16,8,44,4,0,3,0.06818181818181818,A3,D5,17,1,0.029411764705882353,10,3,32.0,1.375,0.1,,4/4,0,True,10,4,26,0,0,False,True
John_Fahey_-_Voice_of_the_turtle__Composed_by_John_Fahey__m081-088__c003253.musicxml,candidate_musicxml_full_bothhands\John_Fahey_-_Voice_of_the_turtle__Composed_by_John_Fahey__m081-088__c003253.musicxml,True,,turtle,,2,16,8,47,9,2,3,0.06382978723404255,D2,A4,31,2,0.07407407407407407,19,3,32.0,1.46875,0.23684210526315788,130.0,4/4,0,True,9,9,20,0,19,False,True
John_Fahey_-_Voice_of_the_turtle__Composed_by_John_Fahey__m251-258__c003257.musicxml,candidate_musicxml_full_bothhands\John_Fahey_-_Voice_of_the_turtle__Composed_by_John_Fahey__m251-258__c003257.musicxml,True,,turtle,,2,16,8,68,1,2,4,0.058823529411764705,D3,E5,26,2,0.03125,12,2,32.0,2.125,0.014925373134328358,120.0,4/4,0,True,33,1,33,0,7,False,True
John_Fahey_-_Voice_of_the_turtle__Composed_by_John_Fahey__m440-447__c003261.musicxml,candidate_musicxml_full_bothhands\John_Fahey_-_Voice_of_the_turtle__Composed_by_John_Fahey__m440-447__c003261.musicxml,True,,turtle,,2,16,8,77,10,5,5,0.06493506493506493,E2,D4,22,1,0.02040816326530612,10,5,32.0,2.40625,0.16393442622950818,110.0,4/4,0,True,27,6,24,4,10,False,True
Jojo_s_Bizarre_Adventure_Golden_Wind_-_Morte__Original_By_Yugo_KannoArr_Cincachai__m018-025__c002841.musicxml,candidate_musicxml_full_bothhands\Jojo_s_Bizarre_Adventure_Golden_Wind_-_Morte__Original_By_Yugo_KannoArr_Cincachai__m018-025__c002841.musicxml,True,,Morte,,2,16,8,35,8,4,0,0.0,F3,G6,38,1,0.1111111111111111,10,4,24.0,1.4583333333333333,0.4444444444444444,,3/4,0,True,10,0,0,8,0,False,True
Just_a_regular_piece_of_music_my_first__me__m002-009__c003397.musicxml,candidate_musicxml_full_bothhands\Just_a_regular_piece_of_music_my_first__me__m002-009__c003397.musicxml,True,,~Just a regular piece of music~,me,2,16,8,56,2,6,0,0.0,A2,E5,31,1,0.020833333333333332,10,4,32.0,1.75,0.038461538461538464,,4/4,0,True,22,0,28,2,10,False,True
Just_a_regular_piece_of_music_my_first__me__m007-014__c003398.musicxml,candidate_musicxml_full_bothhands\Just_a_regular_piece_of_music_my_first__me__m007-014__c003398.musicxml,True,,~Just a regular piece of music~,me,2,16,8,54,10,12,0,0.0,G2,E5,33,1,0.045454545454545456,10,4,32.0,1.6875,0.29411764705882354,,4/4,0,True,15,0,9,10,12,False,True
J_ai_demand_la_lune__Indochine__m034-041__c000280.musicxml,candidate_musicxml_full_bothhands\J_ai_demand_la_lune__Indochine__m034-041__c000280.musicxml,True,,J'ai demandé à la lune,Indochine,2,16,8,70,9,3,2,0.02857142857142857,G#2,B5,39,1,0.020833333333333332,14,4,32.0,2.1875,0.15254237288135594,,4/4,0,True,36,0,14,9,5,False,True
Karussell-Walzer__L._Streabbog_1835-1886__m002-009__c002214.musicxml,candidate_musicxml_full_bothhands\Karussell-Walzer__L._Streabbog_1835-1886__m002-009__c002214.musicxml,True,,Karussell-Walzer,,2,16,8,36,4,4,1,0.027777777777777776,C3,C5,24,1,0.038461538461538464,12,2,24.0,1.5,0.125,,3/4,0,True,12,0,16,4,7,False,True
Karussell-Walzer__L._Streabbog_1835-1886__m007-014__c002215.musicxml,candidate_musicxml_full_bothhands\Karussell-Walzer__L._Streabbog_1835-1886__m007-014__c002215.musicxml,True,,Karussell-Walzer,,2,16,8,36,4,5,2,0.05555555555555555,B2,D5,27,1,0.038461538461538464,12,2,24.0,1.5,0.125,,3/4,0,True,13,0,15,4,8,False,True
Karussell-Walzer__L._Streabbog_1835-1886__m018-025__c002216.musicxml,candidate_musicxml_full_bothhands\Karussell-Walzer__L._Streabbog_1835-1886__m018-025__c002216.musicxml,True,,Karussell-Walzer,,2,16,8,36,4,4,1,0.027777777777777776,C3,C5,24,1,0.038461538461538464,12,2,24.0,1.5,0.125,,3/4,0,True,12,0,16,4,7,False,True
Karussell-Walzer__L._Streabbog_1835-1886__m023-030__c002217.musicxml,candidate_musicxml_full_bothhands\Karussell-Walzer__L._Streabbog_1835-1886__m023-030__c002217.musicxml,True,,Karussell-Walzer,,2,16,8,36,4,5,1,0.027777777777777776,B2,D5,27,1,0.038461538461538464,12,2,24.0,1.5,0.125,,3/4,0,True,13,0,15,4,8,False,True
Kelinci_Lagu_Anak-anak__James_Clement_Lim__m009-016__c000432.musicxml,candidate_musicxml_full_bothhands\Kelinci_Lagu_Anak-anak__James_Clement_Lim__m009-016__c000432.musicxml,True,,Lagu Anak-anak,James Clement Lim,2,16,8,86,1,2,0,0.0,C3,E5,28,2,0.024390243902439025,14,2,32.0,2.6875,0.011764705882352941,,4/4,0,True,24,0,60,1,19,False,True
Kelinci_Lagu_Anak-anak__James_Clement_Lim__m014-021__c000433.musicxml,candidate_musicxml_full_bothhands\Kelinci_Lagu_Anak-anak__James_Clement_Lim__m014-021__c000433.musicxml,True,,Lagu Anak-anak,James Clement Lim,2,16,8,30,1,10,0,0.0,C3,D5,26,1,0.038461538461538464,14,2,32.0,0.9375,0.034482758620689655,,4/4,0,True,8,0,20,1,19,False,True
Kuhlau_Sonatina_op._20_Nr._1_C_Major_-_Allegro__Friedrich_Kuhlau_17861832__m001-008__c000104.musicxml,candidate_musicxml_full_bothhands\Kuhlau_Sonatina_op._20_Nr._1_C_Major_-_Allegro__Friedrich_Kuhlau_17861832__m001-008__c000104.musicxml,True,,Sonatine Op. 20 Nr. 1,"Friedrich Kuhlau
(1786–1832)",2,16,8,87,1,4,1,0.011494252873563218,G2,E6,45,1,0.012048192771084338,24,3,32.0,2.71875,0.011627906976744186,144.0,4/4,0,True,33,0,52,1,24,False,True
Kuhlau_Sonatina_op._20_Nr._1_C_Major_-_Allegro__Friedrich_Kuhlau_17861832__m050-057__c000106.musicxml,candidate_musicxml_full_bothhands\Kuhlau_Sonatina_op._20_Nr._1_C_Major_-_Allegro__Friedrich_Kuhlau_17861832__m050-057__c000106.musicxml,True,,Sonatine Op. 20 Nr. 1,"Friedrich Kuhlau
(1786–1832)",2,16,8,87,1,6,1,0.011494252873563218,G2,E6,45,1,0.012048192771084338,24,3,32.0,2.71875,0.011627906976744186,,4/4,0,True,33,0,52,1,24,False,True
Kuhlau_Sonatina_op._20_Nr._1_C_Major_-_Allegro__Friedrich_Kuhlau_17861832__m070-077__c000107.musicxml,candidate_musicxml_full_bothhands\Kuhlau_Sonatina_op._20_Nr._1_C_Major_-_Allegro__Friedrich_Kuhlau_17861832__m070-077__c000107.musicxml,True,,Sonatine Op. 20 Nr. 1,"Friedrich Kuhlau
(1786–1832)",2,16,8,119,8,11,5,0.04201680672268908,G3,G6,36,1,0.010526315789473684,12,4,32.0,3.71875,0.0761904761904762,,4/4,0,True,92,0,5,8,12,False,True
Kyriakos_Timotheou__NA__m003-010__c002747.musicxml,candidate_musicxml_full_bothhands\Kyriakos_Timotheou__NA__m003-010__c002747.musicxml,True,,Kyriakos Song,,2,16,8,80,8,17,4,0.05,A3,F6,32,1,0.01818181818181818,12,4,32.0,2.5,0.125,,4/4,0,True,56,0,0,8,0,False,True
K_ssen_Verboten__Die_PrinzenArr_Alexander_M_ller__m019-026__c001330.musicxml,candidate_musicxml_full_bothhands\K_ssen_Verboten__Die_PrinzenArr_Alexander_M_ller__m019-026__c001330.musicxml,True,,Title,Composer,2,16,8,60,7,18,0,0.0,E2,B5,43,1,0.022727272727272728,12,3,32.0,1.875,0.1320754716981132,,4/4,0,True,24,0,22,7,12,False,True
Last_Breath__James_Ryan_Thompson__m004-011__c003203.musicxml,candidate_musicxml_full_bothhands\Last_Breath__James_Ryan_Thompson__m004-011__c003203.musicxml,True,,Title,James Ryan Thompson,2,16,8,74,4,2,2,0.02702702702702703,A1,E5,43,2,0.03125,11,4,32.0,2.3125,0.05714285714285714,,4/4,0,True,54,2,12,2,22,False,True
Last_Christmas_Piano_Blue_Notes_D-Major__Composer_George_MichaelArranger_The_Blue_Notes__m008-015__c002195.musicxml,candidate_musicxml_full_bothhands\Last_Christmas_Piano_Blue_Notes_D-Major__Composer_George_MichaelArranger_The_Blue_Notes__m008-015__c002195.musicxml,True,,,,2,16,8,114,3,0,0,0.0,F2,F5,36,2,0.018867924528301886,11,3,32.0,3.5625,0.02702702702702703,,4/4,0,True,44,3,64,0,24,False,True
Last_Christmas_Piano_Blue_Notes_D-Major__Composer_George_MichaelArranger_The_Blue_Notes__m045-052__c002196.musicxml,candidate_musicxml_full_bothhands\Last_Christmas_Piano_Blue_Notes_D-Major__Composer_George_MichaelArranger_The_Blue_Notes__m045-052__c002196.musicxml,True,,,,2,16,8,91,4,0,0,0.0,F2,E6,47,1,0.012987012987012988,19,4,32.0,2.84375,0.04819277108433735,,4/4,0,True,48,0,31,4,26,False,True
Last_Christmas_Piano_Blue_Notes_D-Major__Composer_George_MichaelArranger_The_Blue_Notes__m083-090__c002198.musicxml,candidate_musicxml_full_bothhands\Last_Christmas_Piano_Blue_Notes_D-Major__Composer_George_MichaelArranger_The_Blue_Notes__m083-090__c002198.musicxml,True,,,,2,16,8,129,9,0,0,0.0,C2,E5,40,2,0.019801980198019802,14,4,32.0,4.03125,0.08035714285714286,,4/4,0,True,39,9,64,0,24,False,True
Lavender_s_Blue__Arr._Camille_Blecher__m003-010__c001725.musicxml,candidate_musicxml_full_bothhands\Lavender_s_Blue__Arr._Camille_Blecher__m003-010__c001725.musicxml,True,,Lavender's Blue,Arr. Camille Blecher,2,16,8,69,8,0,3,0.043478260869565216,G2,G5,36,3,0.06521739130434782,15,6,24.0,2.875,0.14285714285714285,,3/4,0,True,35,3,13,5,19,False,True
La_vie_en_rose_French_lyrics__NA__m003-010__c001150.musicxml,candidate_musicxml_full_bothhands\La_vie_en_rose_French_lyrics__NA__m003-010__c001150.musicxml,True,,la vie en rose,,2,16,8,53,5,2,0,0.0,D3,D5,24,1,0.027777777777777776,11,4,32.0,1.65625,0.11627906976744186,,4/4,0,True,34,0,4,5,2,False,True
La_vie_en_rose_French_lyrics__NA__m008-015__c001151.musicxml,candidate_musicxml_full_bothhands\La_vie_en_rose_French_lyrics__NA__m008-015__c001151.musicxml,True,,la vie en rose,,2,16,8,53,3,2,0,0.0,D3,D5,24,2,0.047619047619047616,12,4,32.0,1.65625,0.06382978723404255,80.0,4/4,0,True,31,0,13,3,7,False,True
La_vie_en_rose_French_lyrics__NA__m013-020__c001152.musicxml,candidate_musicxml_full_bothhands\La_vie_en_rose_French_lyrics__NA__m013-020__c001152.musicxml,True,,la vie en rose,,2,16,8,68,3,0,0,0.0,D3,E5,26,1,0.017543859649122806,11,4,32.0,2.125,0.04838709677419355,80.0,4/4,0,True,37,0,22,3,9,False,True
left_behind_-_doro__NA__m008-015__c000809.musicxml,candidate_musicxml_full_bothhands\left_behind_-_doro__NA__m008-015__c000809.musicxml,True,,own,,2,16,8,70,1,0,0,0.0,F2,C6,43,2,0.030303030303030304,17,3,32.0,2.1875,0.014492753623188406,,4/4,0,True,21,0,47,1,19,False,True
left_behind_-_doro__NA__m024-031__c000812.musicxml,candidate_musicxml_full_bothhands\left_behind_-_doro__NA__m024-031__c000812.musicxml,True,,own,,2,16,8,99,8,1,0,0.0,F1,A6,64,1,0.012345679012345678,17,4,32.0,3.09375,0.08791208791208792,,4/4,0,True,18,1,65,7,19,False,True
left_behind_-_doro__NA__m040-047__c000813.musicxml,candidate_musicxml_full_bothhands\left_behind_-_doro__NA__m040-047__c000813.musicxml,True,,own,,2,16,8,135,1,0,0,0.0,F2,A6,52,2,0.015267175572519083,11,3,32.0,4.21875,0.007462686567164179,,4/4,0,True,21,0,112,1,23,False,True
Lemoine_tudes_enfantines_op._37_no._12__Henry_Lemoine__m001-008__c003673.musicxml,candidate_musicxml_full_bothhands\Lemoine_tudes_enfantines_op._37_no._12__Henry_Lemoine__m001-008__c003673.musicxml,True,,12,Henry Lemoine,2,16,8,88,9,9,5,0.056818181818181816,C3,E6,40,1,0.016129032258064516,12,4,16.0,5.5,0.125,130.0,2/4,0,True,63,0,0,9,0,False,True
Lemoine_tudes_enfantines_op._37_no._12__Henry_Lemoine__m013-020__c003674.musicxml,candidate_musicxml_full_bothhands\Lemoine_tudes_enfantines_op._37_no._12__Henry_Lemoine__m013-020__c003674.musicxml,True,,12,Henry Lemoine,2,16,8,75,6,13,2,0.02666666666666667,G2,B5,40,1,0.01694915254237288,10,4,16.0,4.6875,0.09090909090909091,,2/4,0,True,60,0,0,6,0,False,True
Lemoine_tudes_enfantines_op._37_no._5__Henry_Lemoine__m008-015__c000718.musicxml,candidate_musicxml_full_bothhands\Lemoine_tudes_enfantines_op._37_no._5__Henry_Lemoine__m008-015__c000718.musicxml,True,,5,Henri Lemoine,2,16,8,84,7,10,0,0.0,G1,B6,64,1,0.016129032258064516,11,4,16.0,5.25,0.09859154929577464,,2/4,0,True,16,6,48,1,36,False,True
Leo_Smit_1__NA__m001-008__c002478.musicxml,candidate_musicxml_full_bothhands\Leo_Smit_1__NA__m001-008__c002478.musicxml,True,,Leo Smit 1,,2,16,8,72,2,0,2,0.027777777777777776,G2,G4,24,1,0.015151515151515152,10,3,32.0,2.25,0.02857142857142857,,4/4,0,True,55,0,13,2,11,False,True
Let_it_go_Frozen__Edit_by_Alvin_Lee__m002-009__c002158.musicxml,candidate_musicxml_full_bothhands\Let_it_go_Frozen__Edit_by_Alvin_Lee__m002-009__c002158.musicxml,True,,Let it go,,2,16,8,55,8,0,1,0.01818181818181818,A2,C6,39,1,0.02631578947368421,14,3,32.0,1.71875,0.1702127659574468,,4/4,0,True,39,0,0,8,0,False,True
Let_it_go_Frozen__Edit_by_Alvin_Lee__m007-014__c002159.musicxml,candidate_musicxml_full_bothhands\Let_it_go_Frozen__Edit_by_Alvin_Lee__m007-014__c002159.musicxml,True,,Let it go,,2,16,8,55,8,1,1,0.01818181818181818,F2,B5,42,1,0.02702702702702703,14,3,32.0,1.71875,0.1702127659574468,,4/4,0,True,38,0,1,8,0,False,True
Let_it_go_Frozen__Edit_by_Alvin_Lee__m052-059__c002161.musicxml,candidate_musicxml_full_bothhands\Let_it_go_Frozen__Edit_by_Alvin_Lee__m052-059__c002161.musicxml,True,,Let it go,,2,16,8,66,1,1,0,0.0,F2,D5,33,1,0.016129032258064516,12,3,32.0,2.0625,0.015384615384615385,,4/4,0,True,33,1,31,0,9,False,True
Le_zizi__Pierre_Perret__m022-029__c003050.musicxml,candidate_musicxml_full_bothhands\Le_zizi__Pierre_Perret__m022-029__c003050.musicxml,True,,Le zizi,Pierre Perret,2,16,8,97,6,4,0,0.0,A1,B4,38,2,0.025,12,5,32.0,3.03125,0.06818181818181818,,4/4,0,True,48,3,34,3,15,False,True
Le_zizi__Pierre_Perret__m028-035__c003051.musicxml,candidate_musicxml_full_bothhands\Le_zizi__Pierre_Perret__m028-035__c003051.musicxml,True,,Le zizi,Pierre Perret,2,16,8,103,6,3,0,0.0,C2,B4,35,2,0.023255813953488372,14,5,32.0,3.21875,0.06382978723404255,,4/4,0,True,55,3,33,3,14,False,True
Le_zizi__Pierre_Perret__m043-050__c003052.musicxml,candidate_musicxml_full_bothhands\Le_zizi__Pierre_Perret__m043-050__c003052.musicxml,True,,Le zizi,Pierre Perret,2,16,8,97,6,4,0,0.0,A1,B4,38,2,0.025,12,5,32.0,3.03125,0.06818181818181818,,4/4,0,True,48,3,34,3,15,False,True
Le_zizi__Pierre_Perret__m049-056__c003053.musicxml,candidate_musicxml_full_bothhands\Le_zizi__Pierre_Perret__m049-056__c003053.musicxml,True,,Le zizi,Pierre Perret,2,16,8,105,6,3,0,0.0,C2,B4,35,2,0.022727272727272728,14,5,32.0,3.28125,0.0625,,4/4,0,True,55,3,35,3,14,False,True
Lies_Cost_Nothing_-_Will_Atkinson_Remix__John_O_Callaghan_Clare_Stagg_Will_Atkinson__m052-059__c003790.musicxml,candidate_musicxml_full_bothhands\Lies_Cost_Nothing_-_Will_Atkinson_Remix__John_O_Callaghan_Clare_Stagg_Will_Atkinson__m052-059__c003790.musicxml,True,,Lies Cost Nothing - Will Atkinson Remix,"John O'Callaghan, Clare Stagg, Will Atkinson",2,16,8,84,5,3,0,0.0,C2,A5,45,1,0.014925373134328358,17,4,32.0,2.625,0.06756756756756757,,4/4,0,True,31,0,38,5,17,False,True
Lighter_than_Air_-_MarRlo__MaRLo_FeenixpawlArranged_Jason_Zhu__m130-137__c002108.musicxml,candidate_musicxml_full_bothhands\Lighter_than_Air_-_MarRlo__MaRLo_FeenixpawlArranged_Jason_Zhu__m130-137__c002108.musicxml,True,,,,2,16,8,34,1,4,0,0.0,F2,E6,47,2,0.06896551724137931,17,4,32.0,1.0625,0.03125,220.0,4/4,0,True,19,1,12,0,19,False,True
Lighter_than_Air_-_MarRlo__MaRLo_FeenixpawlArranged_Jason_Zhu__m136-143__c002109.musicxml,candidate_musicxml_full_bothhands\Lighter_than_Air_-_MarRlo__MaRLo_FeenixpawlArranged_Jason_Zhu__m136-143__c002109.musicxml,True,,,,2,16,8,34,1,4,0,0.0,F2,E6,47,2,0.06896551724137931,16,4,32.0,1.0625,0.03125,220.0,4/4,0,True,19,1,12,0,19,False,True
listen_before_i_go__NA__m029-036__c002312.musicxml,candidate_musicxml_full_bothhands\listen_before_i_go__NA__m029-036__c002312.musicxml,True,,listen before i go,,2,16,8,30,2,2,0,0.0,C1,E4,40,1,0.041666666666666664,10,3,32.0,0.9375,0.07142857142857142,,4/4,0,True,20,0,6,2,5,False,True
Little_Star_Variation_in_A_Minor__Gemma_Eeles__m005-012__c000171.musicxml,candidate_musicxml_full_bothhands\Little_Star_Variation_in_A_Minor__Gemma_Eeles__m005-012__c000171.musicxml,True,,Twinkle Twinkle Little Star Variations,Gemma Eeles,2,16,8,88,1,7,0,0.0,E2,F4,25,1,0.011904761904761904,12,2,32.0,2.75,0.011494252873563218,,4/4,0,True,38,0,48,1,17,False,True
Love_Happens__NA__m012-019__c002149.musicxml,candidate_musicxml_full_bothhands\Love_Happens__NA__m012-019__c002149.musicxml,True,,,,2,16,8,96,2,6,0,0.0,F2,C6,43,2,0.022222222222222223,21,3,32.0,3.0,0.02127659574468085,,4/4,0,True,28,2,64,0,19,False,True
Love_Shot_-_EXO__NA__m026-033__c000276.musicxml,candidate_musicxml_full_bothhands\Love_Shot_-_EXO__NA__m026-033__c000276.musicxml,True,,Love Shot - EXO ,,2,16,8,63,1,9,6,0.09523809523809523,G2,B-4,27,2,0.03389830508474576,16,3,32.0,1.96875,0.016129032258064516,,4/4,0,True,32,0,29,1,17,False,True
Love_Story_Francis_Lai_Easy_Beginner__Francis_Lai__m037-044__c001404.musicxml,candidate_musicxml_full_bothhands\Love_Story_Francis_Lai_Easy_Beginner__Francis_Lai__m037-044__c001404.musicxml,True,,Love Story,Francis Lai,2,16,8,103,1,0,9,0.08737864077669903,E2,C5,32,1,0.01020408163265306,11,4,32.0,3.21875,0.009900990099009901,,4/4,0,True,43,1,57,0,20,False,True
Love_Triumphant__Bronwyn_Spence__m032-039__c002635.musicxml,candidate_musicxml_full_bothhands\Love_Triumphant__Bronwyn_Spence__m032-039__c002635.musicxml,True,,Love,Bronwyn Spence,2,16,8,49,2,4,0,0.0,A2,C7,51,2,0.04878048780487805,27,4,32.0,1.53125,0.044444444444444446,92.0,4/4,0,True,28,2,15,0,17,False,True
Lullaby_2__Ben_McCasland__m001-008__c000783.musicxml,candidate_musicxml_full_bothhands\Lullaby_2__Ben_McCasland__m001-008__c000783.musicxml,True,,,,2,16,8,67,8,0,1,0.014925373134328358,C2,F5,41,1,0.02127659574468085,15,5,32.0,2.09375,0.14035087719298245,,4/4,0,True,33,1,16,7,15,False,True
Lullaby_2__Ben_McCasland__m006-013__c000784.musicxml,candidate_musicxml_full_bothhands\Lullaby_2__Ben_McCasland__m006-013__c000784.musicxml,True,,,,2,16,8,79,8,0,0,0.0,C2,A5,45,2,0.03333333333333333,15,5,32.0,2.46875,0.11428571428571428,,4/4,0,True,39,1,23,7,17,False,True
Lullaby_2__Ben_McCasland__m011-018__c000785.musicxml,candidate_musicxml_full_bothhands\Lullaby_2__Ben_McCasland__m011-018__c000785.musicxml,True,,,,2,16,8,75,4,0,0,0.0,G2,G5,36,1,0.015873015873015872,12,4,32.0,2.34375,0.057971014492753624,,4/4,0,True,37,0,28,4,17,False,True
Lullaby_2__Ben_McCasland__m025-032__c000786.musicxml,candidate_musicxml_full_bothhands\Lullaby_2__Ben_McCasland__m025-032__c000786.musicxml,True,,,,2,16,8,71,7,0,0,0.0,G2,A5,38,2,0.03773584905660377,10,4,32.0,2.21875,0.11290322580645161,,4/4,0,True,45,0,10,7,12,False,True
L_arabesque__Burgm_ller__m013-020__c000512.musicxml,candidate_musicxml_full_bothhands\L_arabesque__Burgm_ller__m013-020__c000512.musicxml,True,,L'arabesque,Burgmüller,2,16,8,61,2,5,6,0.09836065573770492,G#3,A5,25,1,0.018867924528301886,12,4,16.0,3.8125,0.03508771929824561,,2/4,0,True,21,0,34,2,13,False,True
Mafumafu_mix__NA__m035-042__c000316.musicxml,candidate_musicxml_full_bothhands\Mafumafu_mix__NA__m035-042__c000316.musicxml,True,,Mafumafu mix,,2,16,8,89,5,5,1,0.011235955056179775,G2,A5,38,2,0.0273972602739726,14,5,32.0,2.78125,0.0625,180.0,4/4,0,True,35,1,40,4,6,False,True
Mafumafu_mix__NA__m069-076__c000317.musicxml,candidate_musicxml_full_bothhands\Mafumafu_mix__NA__m069-076__c000317.musicxml,True,,Mafumafu mix,,2,16,8,57,6,0,0,0.0,B3,A6,34,1,0.02631578947368421,15,4,32.0,1.78125,0.13043478260869565,,4/4,0,True,17,6,23,0,10,False,True
Major_Piano_Piece__Gage_Rose__m014-021__c002892.musicxml,candidate_musicxml_full_bothhands\Major_Piano_Piece__Gage_Rose__m014-021__c002892.musicxml,True,,,,2,16,8,78,1,0,0,0.0,C3,C6,36,1,0.0136986301369863,12,4,24.0,3.25,0.013157894736842105,,3/4,0,True,34,0,41,1,7,False,True
Major_Piano_Piece__Gage_Rose__m019-026__c002893.musicxml,candidate_musicxml_full_bothhands\Major_Piano_Piece__Gage_Rose__m019-026__c002893.musicxml,True,,,,2,16,8,60,6,0,0,0.0,B2,C6,37,1,0.025,12,4,24.0,2.5,0.125,,3/4,0,True,31,0,11,6,7,False,True
March_of_Cactus__smilife_cactus__m021-028__c002077.musicxml,candidate_musicxml_full_bothhands\March_of_Cactus__smilife_cactus__m021-028__c002077.musicxml,True,,Unlnown sheets,smilife (Daniils Ļeontjevs),2,16,8,105,1,0,0,0.0,C2,E5,40,2,0.019801980198019802,11,3,16.0,6.5625,0.009615384615384616,,2/4,0,True,43,0,60,1,17,False,True
Matty_Garau_Sonata_Project__NA__m002-009__c000692.musicxml,candidate_musicxml_full_bothhands\Matty_Garau_Sonata_Project__NA__m002-009__c000692.musicxml,True,,Matty Garau Sonata Project,,2,16,8,84,1,0,2,0.023809523809523808,G2,G5,36,2,0.025,17,3,32.0,2.625,0.012048192771084338,,4/4,0,True,32,0,50,1,22,False,True
Matty_Garau_Sonata_Project__NA__m024-031__c000693.musicxml,candidate_musicxml_full_bothhands\Matty_Garau_Sonata_Project__NA__m024-031__c000693.musicxml,True,,Matty Garau Sonata Project,,2,16,8,84,1,0,2,0.023809523809523808,G2,G5,36,2,0.025,17,3,32.0,2.625,0.012048192771084338,,4/4,0,True,32,0,50,1,22,False,True
Melanie_Martinez_alphabet_boy__Melanie_Martinez__m028-035__c001185.musicxml,candidate_musicxml_full_bothhands\Melanie_Martinez_alphabet_boy__Melanie_Martinez__m028-035__c001185.musicxml,True,,Alphabet boy,Melanie Martinez,2,16,8,150,2,7,0,0.0,C3,G5,31,1,0.006944444444444444,10,2,32.0,4.6875,0.013513513513513514,,4/4,0,True,68,0,78,2,16,False,True
Melanie_Martinez_alphabet_boy__Melanie_Martinez__m073-080__c001186.musicxml,candidate_musicxml_full_bothhands\Melanie_Martinez_alphabet_boy__Melanie_Martinez__m073-080__c001186.musicxml,True,,Alphabet boy,Melanie Martinez,2,16,8,145,1,7,5,0.034482758620689655,D3,G5,29,1,0.007142857142857143,10,4,32.0,4.53125,0.006993006993006993,,4/4,0,True,70,0,72,1,14,False,True
Melati_dari_Jayagiri__Bimbo__m006-013__c002804.musicxml,candidate_musicxml_full_bothhands\Melati_dari_Jayagiri__Bimbo__m006-013__c002804.musicxml,True,,Melati dari Jayagiri,Bimbo,2,16,8,79,8,2,4,0.05063291139240506,A2,A5,36,2,0.03278688524590164,12,3,24.0,3.2916666666666665,0.11267605633802817,,3/4,0,True,23,0,40,8,20,False,True
Melati_dari_Jayagiri__Bimbo__m014-021__c002805.musicxml,candidate_musicxml_full_bothhands\Melati_dari_Jayagiri__Bimbo__m014-021__c002805.musicxml,True,,Melati dari Jayagiri,Bimbo,2,16,8,76,8,1,7,0.09210526315789473,E2,C6,44,1,0.017857142857142856,19,4,24.0,3.1666666666666665,0.12121212121212122,,3/4,0,True,22,0,36,8,20,False,True
Melati_dari_Jayagiri__Bimbo__m019-026__c002806.musicxml,candidate_musicxml_full_bothhands\Melati_dari_Jayagiri__Bimbo__m019-026__c002806.musicxml,True,,Melati dari Jayagiri,Bimbo,2,16,8,70,8,1,5,0.07142857142857142,E2,E5,36,2,0.04081632653061224,14,4,24.0,2.9166666666666665,0.13559322033898305,,3/4,0,True,20,0,31,8,20,False,True
Melati_dari_Jayagiri__Bimbo__m024-031__c002807.musicxml,candidate_musicxml_full_bothhands\Melati_dari_Jayagiri__Bimbo__m024-031__c002807.musicxml,True,,Melati dari Jayagiri,Bimbo,2,16,8,78,7,2,4,0.05128205128205128,A2,B5,38,1,0.016129032258064516,11,3,24.0,3.25,0.09859154929577464,,3/4,0,True,23,0,41,7,20,False,True
Melati_dari_Jayagiri__Bimbo__m032-039__c002808.musicxml,candidate_musicxml_full_bothhands\Melati_dari_Jayagiri__Bimbo__m032-039__c002808.musicxml,True,,Melati dari Jayagiri,Bimbo,2,16,8,77,8,2,6,0.07792207792207792,E2,C6,44,1,0.01694915254237288,14,3,24.0,3.2083333333333335,0.11594202898550725,,3/4,0,True,21,0,40,8,20,False,True
Melati_dari_Jayagiri__Bimbo__m037-044__c002809.musicxml,candidate_musicxml_full_bothhands\Melati_dari_Jayagiri__Bimbo__m037-044__c002809.musicxml,True,,Melati dari Jayagiri,Bimbo,2,16,8,73,6,3,5,0.0684931506849315,E2,A5,41,1,0.01694915254237288,14,3,24.0,3.0416666666666665,0.08955223880597014,,3/4,0,True,20,0,41,6,20,False,True
Midnight_Snowfall__Katherina_Ward__m051-058__c002380.musicxml,candidate_musicxml_full_bothhands\Midnight_Snowfall__Katherina_Ward__m051-058__c002380.musicxml,True,,Untitles,Katherina Ward,2,16,8,97,6,0,0,0.0,C4,F7,41,2,0.024691358024691357,21,6,32.0,3.03125,0.06741573033707865,,4/4,0,True,58,5,25,1,26,False,True
Milk__Composed_by_Go_SakabeTranscribed_by_Cindy_Hoy__m021-028__c000246.musicxml,candidate_musicxml_full_bothhands\Milk__Composed_by_Go_SakabeTranscribed_by_Cindy_Hoy__m021-028__c000246.musicxml,True,,Milk,Go Sakabe,2,16,8,58,9,21,0,0.0,F2,G4,26,1,0.02631578947368421,12,3,32.0,1.8125,0.1836734693877551,,4/4,0,True,28,1,12,8,7,False,True
Minecraft_Calm__C418__m077-084__c003079.musicxml,candidate_musicxml_full_bothhands\Minecraft_Calm__C418__m077-084__c003079.musicxml,True,,Minecraft - Calm,C418,2,16,8,33,4,3,0,0.0,D3,C5,22,1,0.045454545454545456,15,4,32.0,1.03125,0.14285714285714285,,4/4,0,True,15,4,9,0,5,False,True
Minor__NA__m001-008__c003791.musicxml,candidate_musicxml_full_bothhands\Minor__NA__m001-008__c003791.musicxml,True,,Minor,,2,16,8,47,5,2,0,0.0,E2,C5,32,2,0.05714285714285714,12,3,32.0,1.46875,0.11904761904761904,70.0,4/4,0,True,22,0,15,5,17,False,True
MISIRLOU_Pulp_Fiction__Arrgt_S._Hermand__m059-066__c002962.musicxml,candidate_musicxml_full_bothhands\MISIRLOU_Pulp_Fiction__Arrgt_S._Hermand__m059-066__c002962.musicxml,True,,MISIRLOU,Arrgt : S. Hermand,2,16,8,64,4,0,4,0.0625,E2,E-6,47,1,0.018518518518518517,19,3,32.0,2.0,0.06666666666666667,,4/4,0,True,16,4,40,0,19,False,True
Mock_composition__Brahadeshwar__m030-037__c002866.musicxml,candidate_musicxml_full_bothhands\Mock_composition__Brahadeshwar__m030-037__c002866.musicxml,True,,Semester Composition,Brahadeshwar,2,16,8,76,9,0,0,0.0,G2,F6,46,1,0.02127659574468085,12,6,24.0,3.1666666666666665,0.15517241379310345,,3/4,0,True,31,3,18,6,28,False,True
Morning_Routine__S.T._Spears__m022-029__c000605.musicxml,candidate_musicxml_full_bothhands\Morning_Routine__S.T._Spears__m022-029__c000605.musicxml,True,,Morning Routine,Seth Spears,2,16,8,93,4,0,1,0.010752688172043012,D4,F6,27,1,0.012048192771084338,10,3,32.0,2.90625,0.0449438202247191,,4/4,0,True,29,4,56,0,10,False,True
mothy_Akuno-p_Daughter_of_evil_jazz-waltz_ver__Mothy_P_GERO_Sinozaki__m306-313__c000370.musicxml,candidate_musicxml_full_bothhands\mothy_Akuno-p_Daughter_of_evil_jazz-waltz_ver__Mothy_P_GERO_Sinozaki__m306-313__c000370.musicxml,True,,,,2,16,8,56,6,1,0,0.0,D4,G6,29,1,0.027777777777777776,13,4,24.0,2.3333333333333335,0.13636363636363635,,3/4,0,True,21,0,17,6,15,False,True
Mountain_and_the_Morning_Mist__Tom_Pan__m064-071__c001490.musicxml,candidate_musicxml_full_bothhands\Mountain_and_the_Morning_Mist__Tom_Pan__m064-071__c001490.musicxml,True,,Mountain and Morning Mist,Tom Pan,2,16,8,129,7,0,5,0.03875968992248062,E3,D6,34,3,0.02702702702702703,17,4,24.0,5.375,0.058333333333333334,,3/4,0,True,91,5,22,2,9,False,True
Mozart_-_Piano_Sonata_No._16_-_Allegro__Wolfgang_Amadeus_Mozart__m035-042__c003034.musicxml,candidate_musicxml_full_bothhands\Mozart_-_Piano_Sonata_No._16_-_Allegro__Wolfgang_Amadeus_Mozart__m035-042__c003034.musicxml,True,,,,2,16,8,128,2,25,12,0.09375,A2,E6,43,2,0.016666666666666666,17,5,32.0,4.0,0.016129032258064516,,4/4,0,True,66,0,56,2,27,False,True
Mozart_-_Piano_Sonata_No._1_in_C_K._279_189d__W.A._Mozart__m270-277__c002504.musicxml,candidate_musicxml_full_bothhands\Mozart_-_Piano_Sonata_No._1_in_C_K._279_189d__W.A._Mozart__m270-277__c002504.musicxml,True,,1. Sonate in C,Wolfgang Amadeus Mozart,2,16,8,82,7,5,5,0.06097560975609756,C2,C6,48,1,0.015873015873015872,12,4,16.0,5.125,0.09722222222222222,,2/4,0,True,46,3,19,4,24,False,True
Mozart_-_Piano_Sonata_No._1_in_C_K._279_189d__W.A._Mozart__m301-308__c002506.musicxml,candidate_musicxml_full_bothhands\Mozart_-_Piano_Sonata_No._1_in_C_K._279_189d__W.A._Mozart__m301-308__c002506.musicxml,True,,1. Sonate in C,Wolfgang Amadeus Mozart,2,16,8,98,4,7,3,0.030612244897959183,C3,A5,33,14,0.16091954022988506,14,4,16.0,6.125,0.043010752688172046,,2/4,0,True,35,3,54,1,24,False,True
Mozart_-_Piano_Sonata_No._1_in_C_K._279_189d__W.A._Mozart__m328-335__c002507.musicxml,candidate_musicxml_full_bothhands\Mozart_-_Piano_Sonata_No._1_in_C_K._279_189d__W.A._Mozart__m328-335__c002507.musicxml,True,,1. Sonate in C,Wolfgang Amadeus Mozart,2,16,8,92,10,3,2,0.021739130434782608,F2,B5,42,2,0.028985507246376812,19,5,16.0,5.75,0.12345679012345678,,2/4,0,True,49,1,22,9,19,False,True
Mozart_K.256_Twelve_Variations_on_Ah_vous_dirai-je_Maman__m039-046__c003480.musicxml,candidate_musicxml_full_bothhands\Mozart_K.256_Twelve_Variations_on_Ah_vous_dirai-je_Maman__m039-046__c003480.musicxml,True,,모차르트 변주곡 K.265 ,모차르트,2,16,8,79,4,3,6,0.0759493670886076,C3,E6,40,2,0.028985507246376812,12,3,16.0,4.9375,0.05333333333333334,,2/4,0,True,59,0,12,4,17,False,True
Mozart_K.256_Twelve_Variations_on_Ah_vous_dirai-je_Maman__m122-129__c003481.musicxml,candidate_musicxml_full_bothhands\Mozart_K.256_Twelve_Variations_on_Ah_vous_dirai-je_Maman__m122-129__c003481.musicxml,True,,모차르트 변주곡 K.265 ,모차르트,2,16,8,38,7,22,0,0.0,C3,A5,33,1,0.045454545454545456,12,2,16.0,2.375,0.22580645161290322,,2/4,0,True,8,7,16,0,17,False,True
Mozart_K.256_Twelve_Variations_on_Ah_vous_dirai-je_Maman__m178-185__c003483.musicxml,candidate_musicxml_full_bothhands\Mozart_K.256_Twelve_Variations_on_Ah_vous_dirai-je_Maman__m178-185__c003483.musicxml,True,,모차르트 변주곡 K.265 ,모차르트,2,16,8,62,8,2,2,0.03225806451612903,G3,E6,33,2,0.044444444444444446,12,3,16.0,3.875,0.14814814814814814,,2/4,0,True,46,0,0,8,0,False,True
Mozart_Piano_Sonata_no.16_1st_movement_Retrograde__W.A._MozartComposera__m030-037__c003396.musicxml,candidate_musicxml_full_bothhands\Mozart_Piano_Sonata_no.16_1st_movement_Retrograde__W.A._MozartComposera__m030-037__c003396.musicxml,True,,Piano Sonanta no.16 1st mvt,W.A. Mozart Composera,2,16,8,117,1,17,8,0.06837606837606838,C3,F6,41,2,0.017857142857142856,15,4,32.0,3.65625,0.008695652173913044,,4/4,0,True,57,0,57,1,26,False,True
Mozart_Sonata_No._16__Wolfwang_Amadeus_Mozart__m035-042__c001238.musicxml,candidate_musicxml_full_bothhands\Mozart_Sonata_No._16__Wolfwang_Amadeus_Mozart__m035-042__c001238.musicxml,True,,Mozart Sonata No.16,W.A. Mozart,2,16,8,127,2,25,12,0.09448818897637795,C3,E6,40,2,0.016666666666666666,15,4,32.0,3.96875,0.016129032258064516,,4/4,0,True,66,0,56,2,24,False,True
Mozart_s_Twelve_Variations_on_Ah_vous_dirai-je_Maman_K.265_300e__W._A._Mozart__m025-032__c000352.musicxml,candidate_musicxml_full_bothhands\Mozart_s_Twelve_Variations_on_Ah_vous_dirai-je_Maman_K.265_300e__W._A._Mozart__m025-032__c000352.musicxml,True,,Zw61f Variationen in C,"Endstanden wahrscheinlich Paris, 1778",2,16,8,72,1,4,5,0.06944444444444445,C3,E6,40,1,0.014705882352941176,12,3,16.0,4.5,0.014084507042253521,,2/4,0,True,53,0,17,1,17,False,True
Mozart_s_Twelve_Variations_on_Ah_vous_dirai-je_Maman_K.265_300e__W._A._Mozart__m042-049__c000353.musicxml,candidate_musicxml_full_bothhands\Mozart_s_Twelve_Variations_on_Ah_vous_dirai-je_Maman_K.265_300e__W._A._Mozart__m042-049__c000353.musicxml,True,,Zw61f Variationen in C,"Endstanden wahrscheinlich Paris, 1778",2,16,8,70,1,4,5,0.07142857142857142,C3,E6,40,2,0.030303030303030304,12,3,16.0,4.375,0.014492753623188406,,2/4,0,True,53,0,15,1,17,False,True
Music_Theory_3_-_Piano_Sonata__Jessica_Hezel__m001-008__c003338.musicxml,candidate_musicxml_full_bothhands\Music_Theory_3_-_Piano_Sonata__Jessica_Hezel__m001-008__c003338.musicxml,True,,Sonata,Jessica Hezel,2,16,8,92,8,1,3,0.03260869565217391,E2,B5,43,1,0.015151515151515152,10,4,32.0,2.875,0.10526315789473684,,4/4,0,True,41,0,27,8,23,False,True
Music_Theory_3_-_Piano_Sonata__Jessica_Hezel__m008-015__c003339.musicxml,candidate_musicxml_full_bothhands\Music_Theory_3_-_Piano_Sonata__Jessica_Hezel__m008-015__c003339.musicxml,True,,Sonata,Jessica Hezel,2,16,8,99,4,0,4,0.04040404040404041,F2,C6,43,1,0.011363636363636364,10,4,32.0,3.09375,0.0425531914893617,,4/4,0,True,44,0,46,4,24,False,True
Music_Theory_3_-_Piano_Sonata__Jessica_Hezel__m016-023__c003340.musicxml,candidate_musicxml_full_bothhands\Music_Theory_3_-_Piano_Sonata__Jessica_Hezel__m016-023__c003340.musicxml,True,,Sonata,Jessica Hezel,2,16,8,107,2,0,0,0.0,G2,G5,36,1,0.009900990099009901,10,3,32.0,3.34375,0.01904761904761905,,4/4,0,True,49,0,54,2,12,False,True
Music_Theory_3_-_Piano_Sonata__Jessica_Hezel__m041-048__c003341.musicxml,candidate_musicxml_full_bothhands\Music_Theory_3_-_Piano_Sonata__Jessica_Hezel__m041-048__c003341.musicxml,True,,Sonata,Jessica Hezel,2,16,8,98,2,0,2,0.02040816326530612,F2,C6,43,1,0.01098901098901099,10,5,32.0,3.0625,0.021052631578947368,,4/4,0,True,50,1,43,1,23,False,True
Mutany_at_Sea__Tyrone_Lee__m014-021__c000917.musicxml,candidate_musicxml_full_bothhands\Mutany_at_Sea__Tyrone_Lee__m014-021__c000917.musicxml,True,,,Tyrone LEe,2,16,8,93,2,13,3,0.03225806451612903,C3,D5,26,2,0.023529411764705882,12,4,32.0,2.90625,0.02247191011235955,,4/4,0,True,39,1,48,1,12,False,True
My_Lie_Watashi_No_Uso_-_My_lie_in_April__NA__m065-072__c002023.musicxml,candidate_musicxml_full_bothhands\My_Lie_Watashi_No_Uso_-_My_lie_in_April__NA__m065-072__c002023.musicxml,True,,Watashi no uso,SAiki,2,16,8,43,6,2,0,0.0,F2,E6,47,1,0.038461538461538464,12,4,24.0,1.7916666666666667,0.17647058823529413,,3/4,0,True,22,0,6,6,21,False,True
My_Lie_Watashi_No_Uso_-_My_lie_in_April__NA__m070-077__c002024.musicxml,candidate_musicxml_full_bothhands\My_Lie_Watashi_No_Uso_-_My_lie_in_April__NA__m070-077__c002024.musicxml,True,,Watashi no uso,SAiki,2,16,8,46,7,1,2,0.043478260869565216,E2,E6,48,1,0.034482758620689655,29,4,24.0,1.9166666666666667,0.18421052631578946,,3/4,0,True,28,0,3,7,9,False,True
My_Theme__TeoniZ__m017-024__c003184.musicxml,candidate_musicxml_full_bothhands\My_Theme__TeoniZ__m017-024__c003184.musicxml,True,,Battle theme,TeoniZ,2,16,8,64,7,15,0,0.0,B3,F5,18,1,0.022727272727272728,10,3,32.0,2.0,0.1346153846153846,,4/4,0,True,45,7,0,0,0,False,True
My_Way__NA__m049-056__c000751.musicxml,candidate_musicxml_full_bothhands\My_Way__NA__m049-056__c000751.musicxml,True,,My Way,,2,16,8,47,1,0,0,0.0,F2,D6,45,1,0.023809523809523808,11,4,32.0,1.46875,0.022222222222222223,,4/4,0,True,16,0,28,1,16,False,True
NenaMora__Diego_Balbi_invierno_2019__m034-041__c001947.musicxml,candidate_musicxml_full_bothhands\NenaMora__Diego_Balbi_invierno_2019__m034-041__c001947.musicxml,True,,Nena Mora,Diego Balbi,2,16,8,42,6,6,1,0.023809523809523808,A2,D5,29,1,0.038461538461538464,17,4,24.0,1.75,0.17647058823529413,,3/4,0,True,14,2,14,4,17,False,True
New_Found__Ruben_Velazquez__m001-008__c000950.musicxml,candidate_musicxml_full_bothhands\New_Found__Ruben_Velazquez__m001-008__c000950.musicxml,True,,puh e ano,,2,16,8,36,8,0,3,0.08333333333333333,F2,C5,31,2,0.10526315789473684,12,3,32.0,1.125,0.2857142857142857,,4/4,0,True,20,0,0,8,0,False,True
Nighthawks__Michael_Schubert__m022-029__c001886.musicxml,candidate_musicxml_full_bothhands\Nighthawks__Michael_Schubert__m022-029__c001886.musicxml,True,,Nighthawks,Michael Schubert,2,16,8,45,5,13,0,0.0,G2,C6,41,1,0.03571428571428571,10,4,32.0,1.40625,0.14285714285714285,,4/4,0,True,22,5,8,0,19,False,True
Nighthawks__Michael_Schubert__m040-047__c001887.musicxml,candidate_musicxml_full_bothhands\Nighthawks__Michael_Schubert__m040-047__c001887.musicxml,True,,Nighthawks,Michael Schubert,2,16,8,61,4,7,0,0.0,D4,E6,26,1,0.0196078431372549,12,3,32.0,1.90625,0.07017543859649122,,4/4,0,True,28,4,25,0,10,False,True
Nighthawks__Michael_Schubert__m048-055__c001888.musicxml,candidate_musicxml_full_bothhands\Nighthawks__Michael_Schubert__m048-055__c001888.musicxml,True,,Nighthawks,Michael Schubert,2,16,8,83,1,2,1,0.012048192771084338,C4,A6,33,2,0.02564102564102564,11,4,32.0,2.59375,0.012345679012345678,,4/4,0,True,40,0,40,1,14,False,True
Ningen_shikkaku__NA__m074-081__c000556.musicxml,candidate_musicxml_full_bothhands\Ningen_shikkaku__NA__m074-081__c000556.musicxml,True,,Ningen shikkaku,,2,16,8,45,6,3,1,0.022222222222222223,E2,F5,37,1,0.03225806451612903,17,3,24.0,1.875,0.15384615384615385,130.0,3/4,0,True,16,2,17,4,20,False,True
No._3_-_Romance_Tension_Experiment_Am_Em_G_Dm_F__March_16_2018_v6_Justin_Bruce_Van_Horne__m015-022__c002994.musicxml,candidate_musicxml_full_bothhands\No._3_-_Romance_Tension_Experiment_Am_Em_G_Dm_F__March_16_2018_v6_Justin_Bruce_Van_Horne__m015-022__c002994.musicxml,True,,Movie Score,,2,16,8,53,10,2,0,0.0,F2,E6,47,1,0.047619047619047616,12,6,32.0,1.65625,0.30303030303030304,160.0,4/4,0,True,15,4,8,6,9,False,True
No._3_-_Romance_Tension_Experiment_Am_Em_G_Dm_F__March_16_2018_v6_Justin_Bruce_Van_Horne__m020-027__c002995.musicxml,candidate_musicxml_full_bothhands\No._3_-_Romance_Tension_Experiment_Am_Em_G_Dm_F__March_16_2018_v6_Justin_Bruce_Van_Horne__m020-027__c002995.musicxml,True,,Movie Score,,2,16,8,59,7,3,0,0.0,F2,E6,47,1,0.027777777777777776,15,6,32.0,1.84375,0.15555555555555556,150.0,4/4,0,True,22,3,16,4,9,False,True
Noche_de_paz__pianocursos.com__m001-008__c000048.musicxml,candidate_musicxml_full_bothhands\Noche_de_paz__pianocursos.com__m001-008__c000048.musicxml,True,,Noche de paz,pianocursos.com,2,16,8,38,4,0,0,0.0,B2,D5,27,1,0.03571428571428571,10,2,24.0,1.5833333333333333,0.11764705882352941,,3/4,0,True,14,0,16,4,8,False,True
Noche_de_paz__pianocursos.com__m010-017__c000049.musicxml,candidate_musicxml_full_bothhands\Noche_de_paz__pianocursos.com__m010-017__c000049.musicxml,True,,Noche de paz,pianocursos.com,2,16,8,42,2,0,0,0.0,B2,D5,27,1,0.027777777777777776,10,2,24.0,1.75,0.05,,3/4,0,True,18,0,20,2,10,False,True
Noche_de_paz__pianocursos.com__m015-022__c000050.musicxml,candidate_musicxml_full_bothhands\Noche_de_paz__pianocursos.com__m015-022__c000050.musicxml,True,,Noche de paz,pianocursos.com,2,16,8,35,2,0,1,0.02857142857142857,B2,F5,30,1,0.03571428571428571,10,4,24.0,1.4583333333333333,0.0625,,3/4,0,True,17,0,13,2,13,False,True
Noche_de_paz__pianocursos.com__m020-027__c000051.musicxml,candidate_musicxml_full_bothhands\Noche_de_paz__pianocursos.com__m020-027__c000051.musicxml,True,,Noche de paz,pianocursos.com,2,16,8,37,3,1,0,0.0,B2,E5,29,1,0.037037037037037035,12,4,24.0,1.5416666666666667,0.09375,,3/4,0,True,15,0,14,3,12,False,True
Now_that_this_Old_World_is_Ending__Dan_Romer__m069-076__c002473.musicxml,candidate_musicxml_full_bothhands\Now_that_this_Old_World_is_Ending__Dan_Romer__m069-076__c002473.musicxml,True,,Now that this Old World is Ending,Dan Romer,2,16,8,62,8,1,0,0.0,F2,A5,40,2,0.05405405405405406,16,4,32.0,1.9375,0.1702127659574468,,4/4,0,True,9,8,30,0,21,False,True
N_I_N_Y_C_ANH_S_N_T_NG_M-TP_IGOR_PRESNYAKOV_Fingerstyle_guitar_cover__NA__m003-010__c001533.musicxml,candidate_musicxml_full_bothhands\N_I_N_Y_C_ANH_S_N_T_NG_M-TP_IGOR_PRESNYAKOV_Fingerstyle_guitar_cover__NA__m003-010__c001533.musicxml,True,,NƠI NÀY CÓ ANH   SƠN TÙNG M-TP   IGOR PRESNYAKOV   Fingerstyle Guitar Cover,,2,16,8,93,8,40,0,0.0,C2,A4,33,3,0.04,12,3,32.0,2.90625,0.09411764705882353,,4/4,0,True,53,3,24,5,21,False,True
Octobre_-_Francis_Cabrel__Arrangeur_St_phane_Behr__m005-012__c003419.musicxml,candidate_musicxml_full_bothhands\Octobre_-_Francis_Cabrel__Arrangeur_St_phane_Behr__m005-012__c003419.musicxml,True,,Octobre,Francis Cabrel,2,16,8,60,10,2,0,0.0,F2,A4,28,1,0.02631578947368421,11,3,32.0,1.875,0.2,,4/4,0,True,16,10,24,0,11,False,True
Octobre_-_Francis_Cabrel__Arrangeur_St_phane_Behr__m013-020__c003420.musicxml,candidate_musicxml_full_bothhands\Octobre_-_Francis_Cabrel__Arrangeur_St_phane_Behr__m013-020__c003420.musicxml,True,,Octobre,Francis Cabrel,2,16,8,57,7,1,0,0.0,F2,C5,31,1,0.024390243902439025,12,3,32.0,1.78125,0.14,,4/4,0,True,19,7,24,0,16,False,True
Octobre_-_Francis_Cabrel__Arrangeur_St_phane_Behr__m021-028__c003421.musicxml,candidate_musicxml_full_bothhands\Octobre_-_Francis_Cabrel__Arrangeur_St_phane_Behr__m021-028__c003421.musicxml,True,,Octobre,Francis Cabrel,2,16,8,60,10,2,0,0.0,F2,A4,28,1,0.02631578947368421,11,3,32.0,1.875,0.2,,4/4,0,True,16,10,24,0,11,False,True
Octobre_-_Francis_Cabrel__Arrangeur_St_phane_Behr__m035-042__c003422.musicxml,candidate_musicxml_full_bothhands\Octobre_-_Francis_Cabrel__Arrangeur_St_phane_Behr__m035-042__c003422.musicxml,True,,Octobre,Francis Cabrel,2,16,8,50,5,1,0,0.0,D3,C5,22,1,0.02631578947368421,10,3,32.0,1.5625,0.1111111111111111,,4/4,0,True,16,5,24,0,10,False,True
Octobre_-_Francis_Cabrel__Arrangeur_St_phane_Behr__m044-051__c003423.musicxml,candidate_musicxml_full_bothhands\Octobre_-_Francis_Cabrel__Arrangeur_St_phane_Behr__m044-051__c003423.musicxml,True,,Octobre,Francis Cabrel,2,16,8,48,3,2,0,0.0,F2,A4,28,1,0.025,10,3,32.0,1.5,0.06666666666666667,,4/4,0,True,18,3,24,0,16,False,True
Octobre_-_Francis_Cabrel__Arrangeur_St_phane_Behr__m053-060__c003424.musicxml,candidate_musicxml_full_bothhands\Octobre_-_Francis_Cabrel__Arrangeur_St_phane_Behr__m053-060__c003424.musicxml,True,,Octobre,Francis Cabrel,2,16,8,50,5,1,0,0.0,D3,C5,22,1,0.02631578947368421,10,3,32.0,1.5625,0.1111111111111111,,4/4,0,True,16,5,24,0,10,False,True
Octobre_-_Francis_Cabrel__Arrangeur_St_phane_Behr__m061-068__c003425.musicxml,candidate_musicxml_full_bothhands\Octobre_-_Francis_Cabrel__Arrangeur_St_phane_Behr__m061-068__c003425.musicxml,True,,Octobre,Francis Cabrel,2,16,8,47,3,2,0,0.0,F2,F4,24,1,0.02564102564102564,10,3,32.0,1.46875,0.06818181818181818,,4/4,0,True,17,3,24,0,9,False,True
Octobre_-_Francis_Cabrel__Arrangeur_St_phane_Behr__m073-080__c003426.musicxml,candidate_musicxml_full_bothhands\Octobre_-_Francis_Cabrel__Arrangeur_St_phane_Behr__m073-080__c003426.musicxml,True,,Octobre,Francis Cabrel,2,16,8,60,10,2,0,0.0,F2,A4,28,1,0.02631578947368421,11,3,32.0,1.875,0.2,,4/4,0,True,16,10,24,0,11,False,True
Octobre_-_Francis_Cabrel__Arrangeur_St_phane_Behr__m078-085__c003427.musicxml,candidate_musicxml_full_bothhands\Octobre_-_Francis_Cabrel__Arrangeur_St_phane_Behr__m078-085__c003427.musicxml,True,,Octobre,Francis Cabrel,2,16,8,56,6,1,0,0.0,F2,C5,31,1,0.023809523809523808,19,3,32.0,1.75,0.12,,4/4,0,True,20,6,24,0,19,False,True
Octobre_-_Francis_Cabrel__Arrangeur_St_phane_Behr__m084-091__c003428.musicxml,candidate_musicxml_full_bothhands\Octobre_-_Francis_Cabrel__Arrangeur_St_phane_Behr__m084-091__c003428.musicxml,True,,Octobre,Francis Cabrel,2,16,8,56,6,0,0,0.0,F2,C5,31,2,0.047619047619047616,19,3,32.0,1.75,0.12,140.0,4/4,0,True,20,6,24,0,19,False,True
Oh_Suzannah_orig__Ken__m009-016__c000375.musicxml,candidate_musicxml_full_bothhands\Oh_Suzannah_orig__Ken__m009-016__c000375.musicxml,True,,,Ken,2,16,8,54,9,0,0,0.0,C2,A4,33,1,0.029411764705882353,12,3,32.0,1.6875,0.2,,4/4,0,True,18,9,18,0,17,False,True
Oh_Suzannah_orig__Ken__m009-016__c000618.musicxml,candidate_musicxml_full_bothhands\Oh_Suzannah_orig__Ken__m009-016__c000618.musicxml,True,,,Ken,2,16,8,54,9,0,0,0.0,C2,A4,33,1,0.029411764705882353,12,3,32.0,1.6875,0.2,,4/4,0,True,18,9,18,0,17,False,True
Once_again_once_again_workers_of_another_year_-_Jno._R._Sweney__NA__m039-046__c001555.musicxml,candidate_musicxml_full_bothhands\Once_again_once_again_workers_of_another_year_-_Jno._R._Sweney__NA__m039-046__c001555.musicxml,True,,,,2,16,8,44,5,0,3,0.06818181818181818,C3,D5,26,2,0.07407407407407407,12,4,16.0,2.75,0.14705882352941177,,2/4,0,True,17,0,12,5,12,False,True
ON_BTS-MAP_OF_THE_SOUL_7_title__BTS__m149-156__c001147.musicxml,candidate_musicxml_full_bothhands\ON_BTS-MAP_OF_THE_SOUL_7_title__BTS__m149-156__c001147.musicxml,True,,ON,BTS,2,16,8,40,9,2,0,0.0,G1,F4,34,1,0.047619047619047616,10,3,32.0,1.25,0.2903225806451613,210.0,4/4,0,True,22,0,0,9,0,False,True
ON_BTS-MAP_OF_THE_SOUL_7_title__BTS__m154-161__c001148.musicxml,candidate_musicxml_full_bothhands\ON_BTS-MAP_OF_THE_SOUL_7_title__BTS__m154-161__c001148.musicxml,True,,ON,BTS,2,16,8,45,9,1,0,0.0,D1,F4,39,1,0.04,10,3,32.0,1.40625,0.25,230.0,4/4,0,True,25,0,2,9,2,False,True
Op.2102_A_Quiet_Morning_in_Venice__Yohei_Kato__m001-008__c002787.musicxml,candidate_musicxml_full_bothhands\Op.2102_A_Quiet_Morning_in_Venice__Yohei_Kato__m001-008__c002787.musicxml,True,,Op.2102,Yohei Kato * 加藤 洋平,2,16,8,68,6,0,4,0.058823529411764705,G2,F5,34,1,0.018518518518518517,12,3,32.0,2.125,0.0967741935483871,45.0,4/4,0,True,48,0,8,6,7,False,True
Op.2107_In_Flooded_Venice__Yohei_Kato__m002-009__c001624.musicxml,candidate_musicxml_full_bothhands\Op.2107_In_Flooded_Venice__Yohei_Kato__m002-009__c001624.musicxml,True,,Op.2107,Yohei Kato * 加藤 洋平,2,16,8,49,2,0,4,0.08163265306122448,E3,D5,22,1,0.024390243902439025,11,4,32.0,1.53125,0.044444444444444446,,4/4,0,True,27,2,16,0,7,False,True
Op.2113_Marco_Polo_Club_A_Flow_of_Time_at_Marco_Polo_Club_Lounge__Yohei_Kato__m001-008__c001955.musicxml,candidate_musicxml_full_bothhands\Op.2113_Marco_Polo_Club_A_Flow_of_Time_at_Marco_Polo_Club_Lounge__Yohei_Kato__m001-008__c001955.musicxml,True,,Op.2113,Yohei Kato * 加藤 洋平,2,16,8,43,8,12,4,0.09302325581395349,C3,G6,43,1,0.04,18,4,32.0,1.34375,0.22857142857142856,50.0,4/4,0,True,21,4,6,4,2,False,True
Op.2294_A_Pleasant_Morning__Yohei_Kato__m006-013__c003287.musicxml,candidate_musicxml_full_bothhands\Op.2294_A_Pleasant_Morning__Yohei_Kato__m006-013__c003287.musicxml,True,,Op.2294,Yohei Kato * 加藤 洋平,2,16,8,129,6,0,0,0.0,A2,F5,32,2,0.017391304347826087,14,3,32.0,4.03125,0.04878048780487805,,4/4,0,True,53,6,64,0,17,False,True
Op.2308_A_Lonely_Walk_in_the_Early_Morning__Yohei_Kato__m003-010__c000222.musicxml,candidate_musicxml_full_bothhands\Op.2308_A_Lonely_Walk_in_the_Early_Morning__Yohei_Kato__m003-010__c000222.musicxml,True,,Op.2308,Yohei Kato * 加藤 洋平,2,16,8,82,2,3,4,0.04878048780487805,G2,B5,40,1,0.013513513513513514,14,4,32.0,2.5625,0.02564102564102564,,4/4,0,True,45,0,31,2,14,False,True
Op.2388_From_Now_and_Here__Yohei_Kato__m001-008__c002166.musicxml,candidate_musicxml_full_bothhands\Op.2388_From_Now_and_Here__Yohei_Kato__m001-008__c002166.musicxml,True,,Op.2388,Yohei Kato * 加藤 洋平,2,16,8,51,8,0,0,0.0,A2,G5,34,1,0.038461538461538464,10,4,24.0,2.125,0.22857142857142856,40.0,3/4,0,True,27,0,0,8,0,False,True
Op.2702_A_Morning_Mirror__Yohei_Kato__m001-008__c003435.musicxml,candidate_musicxml_full_bothhands\Op.2702_A_Morning_Mirror__Yohei_Kato__m001-008__c003435.musicxml,True,,Op.2702,Yohei Kato * 加藤 洋平,2,16,8,66,7,1,0,0.0,A2,F5,32,1,0.022727272727272728,10,4,30.0,2.2,0.1346153846153846,40.0,4/4,0,True,45,0,0,7,0,False,True
Op.2705_A_Flow_of_a_Morning_Wind__Yohei_Kato__m005-012__c001100.musicxml,candidate_musicxml_full_bothhands\Op.2705_A_Flow_of_a_Morning_Wind__Yohei_Kato__m005-012__c001100.musicxml,True,,Op.2705,Yohei Kato * 加藤 洋平,2,16,8,76,9,2,2,0.02631578947368421,G2,A5,38,1,0.020833333333333332,10,4,32.0,2.375,0.15517241379310345,,4/4,0,True,49,0,0,9,0,False,True
Op.2705_A_Flow_of_a_Morning_Wind__Yohei_Kato__m010-017__c001101.musicxml,candidate_musicxml_full_bothhands\Op.2705_A_Flow_of_a_Morning_Wind__Yohei_Kato__m010-017__c001101.musicxml,True,,Op.2705,Yohei Kato * 加藤 洋平,2,16,8,85,10,0,5,0.058823529411764705,B2,A5,34,1,0.018518518518518517,10,4,32.0,2.65625,0.15384615384615385,,4/4,0,True,55,0,0,10,0,False,True
Op.2720_A_Calm_Beginning__Yohei_Kato__m006-013__c002400.musicxml,candidate_musicxml_full_bothhands\Op.2720_A_Calm_Beginning__Yohei_Kato__m006-013__c002400.musicxml,True,,Op.2720,Yohei Kato * 加藤 洋平,2,16,8,65,8,2,1,0.015384615384615385,A2,F5,32,1,0.025,11,4,32.0,2.03125,0.16326530612244897,,4/4,0,True,41,0,0,8,0,False,True
Op.2771_A_Small_Angel_of_Rain__Yohei_Kato__m006-013__c001859.musicxml,candidate_musicxml_full_bothhands\Op.2771_A_Small_Angel_of_Rain__Yohei_Kato__m006-013__c001859.musicxml,True,,Op.2721,Yohei Kato * 加藤 洋平,2,16,8,60,8,1,5,0.08333333333333333,C3,F6,41,1,0.02857142857142857,11,4,24.0,2.5,0.18181818181818182,,3/4,0,True,36,0,0,8,0,False,True
Op.2771_A_Small_Angel_of_Rain__Yohei_Kato__m011-018__c001860.musicxml,candidate_musicxml_full_bothhands\Op.2771_A_Small_Angel_of_Rain__Yohei_Kato__m011-018__c001860.musicxml,True,,Op.2721,Yohei Kato * 加藤 洋平,2,16,8,55,8,1,5,0.09090909090909091,B2,G5,32,1,0.03333333333333333,11,4,24.0,2.2916666666666665,0.20512820512820512,,3/4,0,True,31,0,0,8,0,False,True
Oracion_From_the_Movie_Rise_of_Darkrai__Arr._by_Adrian_Cisowski__m002-009__c001225.musicxml,candidate_musicxml_full_bothhands\Oracion_From_the_Movie_Rise_of_Darkrai__Arr._by_Adrian_Cisowski__m002-009__c001225.musicxml,True,,Oracion,Arr. by SunshineR,2,16,8,41,3,10,1,0.024390243902439025,F4,E6,23,2,0.06451612903225806,12,4,32.0,1.28125,0.08571428571428572,,4/4,0,True,32,0,0,3,0,False,True
Oracion_From_the_Movie_Rise_of_Darkrai__Arr._by_Adrian_Cisowski__m007-014__c001226.musicxml,candidate_musicxml_full_bothhands\Oracion_From_the_Movie_Rise_of_Darkrai__Arr._by_Adrian_Cisowski__m007-014__c001226.musicxml,True,,Oracion,Arr. by SunshineR,2,16,8,54,8,6,0,0.0,F2,E6,47,1,0.034482758620689655,12,4,32.0,1.6875,0.21052631578947367,,4/4,0,True,30,0,0,8,0,False,True
Ori_and_the_Blind_Forest_Swallow_s_Nest__Gareth_COKER__m016-023__c003647.musicxml,candidate_musicxml_full_bothhands\Ori_and_the_Blind_Forest_Swallow_s_Nest__Gareth_COKER__m016-023__c003647.musicxml,True,,Swallow's Nest,Gareth COKER,2,16,8,78,1,6,0,0.0,E3,C5,20,2,0.02702702702702703,12,2,32.0,2.4375,0.012987012987012988,,4/4,0,True,58,1,18,0,17,False,True
Ori_and_the_Blind_Forest_Swallow_s_Nest__Gareth_COKER__m021-028__c003648.musicxml,candidate_musicxml_full_bothhands\Ori_and_the_Blind_Forest_Swallow_s_Nest__Gareth_COKER__m021-028__c003648.musicxml,True,,Swallow's Nest,Gareth COKER,2,16,8,80,2,3,0,0.0,A3,F5,20,1,0.013513513513513514,15,3,32.0,2.5,0.02564102564102564,,4/4,0,True,48,2,28,0,17,False,True
Ori_and_the_Blind_Forest_Swallow_s_Nest__Gareth_COKER__m026-033__c003649.musicxml,candidate_musicxml_full_bothhands\Ori_and_the_Blind_Forest_Swallow_s_Nest__Gareth_COKER__m026-033__c003649.musicxml,True,,Swallow's Nest,Gareth COKER,2,16,8,85,1,0,0,0.0,A3,A5,24,1,0.012345679012345678,15,3,32.0,2.65625,0.011904761904761904,,4/4,0,True,26,1,57,0,17,False,True
ost__NA__m001-008__c002843.musicxml,candidate_musicxml_full_bothhands\ost__NA__m001-008__c002843.musicxml,True,,bpm105,,2,16,8,41,5,0,0,0.0,F4,G6,26,3,0.12,19,4,32.0,1.28125,0.15625,150.0,4/4,0,True,14,4,13,1,12,False,True
ost__NA__m008-015__c002844.musicxml,candidate_musicxml_full_bothhands\ost__NA__m008-015__c002844.musicxml,True,,bpm105,,2,16,8,42,9,0,0,0.0,F4,G6,26,2,0.09523809523809523,12,4,32.0,1.3125,0.28125,,4/4,0,True,14,4,9,5,14,False,True
ost__NA__m013-020__c002845.musicxml,candidate_musicxml_full_bothhands\ost__NA__m013-020__c002845.musicxml,True,,bpm105,,2,16,8,51,1,0,3,0.058823529411764705,F4,E6,23,2,0.043478260869565216,10,4,32.0,1.59375,0.02040816326530612,,4/4,0,True,23,0,25,1,14,False,True
ost__NA__m019-026__c002846.musicxml,candidate_musicxml_full_bothhands\ost__NA__m019-026__c002846.musicxml,True,,bpm105,,2,16,8,57,7,0,2,0.03508771929824561,F4,G6,26,1,0.024390243902439025,19,3,32.0,1.78125,0.14,,4/4,0,True,11,7,32,0,19,False,True
Outer_Wilds_-_Credits_Theme__Andrew_Prahlow__m096-103__c002321.musicxml,candidate_musicxml_full_bothhands\Outer_Wilds_-_Credits_Theme__Andrew_Prahlow__m096-103__c002321.musicxml,True,,Title,Composer,2,16,8,65,5,0,0,0.0,F2,G5,38,2,0.03773584905660377,12,4,32.0,2.03125,0.08333333333333333,,4/4,0,True,28,1,27,4,26,False,True
P4T_Song_One__Ryan_Frisch__m016-023__c001904.musicxml,candidate_musicxml_full_bothhands\P4T_Song_One__Ryan_Frisch__m016-023__c001904.musicxml,True,,Title,Composer,2,16,8,58,1,0,1,0.017241379310344827,A2,D5,29,1,0.018518518518518517,18,3,32.0,1.8125,0.017543859649122806,,4/4,0,True,29,0,27,1,20,False,True
P4T_Song_One__Ryan_Frisch__m029-036__c001906.musicxml,candidate_musicxml_full_bothhands\P4T_Song_One__Ryan_Frisch__m029-036__c001906.musicxml,True,,Title,Composer,2,16,8,62,4,0,5,0.08064516129032258,E2,C5,32,1,0.019230769230769232,10,3,32.0,1.9375,0.06896551724137931,,4/4,0,True,31,0,23,4,15,False,True
P4T_Song_One__Ryan_Frisch__m036-043__c001907.musicxml,candidate_musicxml_full_bothhands\P4T_Song_One__Ryan_Frisch__m036-043__c001907.musicxml,True,,Title,Composer,2,16,8,62,3,0,2,0.03225806451612903,C2,F5,41,1,0.018518518518518517,10,3,32.0,1.9375,0.05084745762711865,,4/4,0,True,30,0,26,3,26,False,True
Pachelbel_s_Canon__Johann_Pachelbel__m011-018__c001838.musicxml,candidate_musicxml_full_bothhands\Pachelbel_s_Canon__Johann_Pachelbel__m011-018__c001838.musicxml,True,,,,2,16,8,32,6,8,0,0.0,D2,G5,41,1,0.08333333333333333,12,3,32.0,1.0,0.3,,4/4,0,True,6,6,8,0,10,False,True
Pachelbel_s_Canon__Johann_Pachelbel__m020-027__c001839.musicxml,candidate_musicxml_full_bothhands\Pachelbel_s_Canon__Johann_Pachelbel__m020-027__c001839.musicxml,True,,,,2,16,8,32,3,5,0,0.0,D2,G5,41,1,0.047619047619047616,12,4,32.0,1.0,0.11538461538461539,,4/4,0,True,15,3,8,0,10,False,True
Palo_Negro__NA__m009-016__c001241.musicxml,candidate_musicxml_full_bothhands\Palo_Negro__NA__m009-016__c001241.musicxml,True,,Palo Negro,,2,16,8,67,5,6,0,0.0,C2,A5,45,1,0.01818181818181818,12,3,24.0,2.7916666666666665,0.08064516129032258,,3/4,0,True,42,0,15,5,19,False,True
Pans_Labyrinth_Theme_El_Laberinto_del_Fauno__Javier_Navarette__m003-010__c002922.musicxml,candidate_musicxml_full_bothhands\Pans_Labyrinth_Theme_El_Laberinto_del_Fauno__Javier_Navarette__m003-010__c002922.musicxml,True,,Tims VersionTake10,Composer,2,16,8,45,6,0,0,0.0,A3,G5,22,1,0.04,15,4,24.0,1.875,0.18181818181818182,,3/4,0,True,21,0,6,6,15,False,True
Paris_Seychelles__Julien_Dor__m027-034__c003787.musicxml,candidate_musicxml_full_bothhands\Paris_Seychelles__Julien_Dor__m027-034__c003787.musicxml,True,,Paris-Seychelles,Julien Doré,2,16,8,95,1,0,4,0.042105263157894736,C2,D5,38,2,0.02247191011235955,17,5,32.0,2.96875,0.010869565217391304,,4/4,0,True,33,1,58,0,21,False,True
Peaceful_Waters_from_TES_III_Morrowind__Jeremy_Soule__m006-013__c000661.musicxml,candidate_musicxml_full_bothhands\Peaceful_Waters_from_TES_III_Morrowind__Jeremy_Soule__m006-013__c000661.musicxml,True,,Peaceful Waters,Jeremy Soule,2,16,8,55,6,0,1,0.01818181818181818,B2,D5,27,1,0.027777777777777776,12,4,32.0,1.71875,0.13636363636363635,,4/4,0,True,30,0,8,6,20,False,True
Peaceful_Waters_from_TES_III_Morrowind__Jeremy_Soule__m040-047__c000662.musicxml,candidate_musicxml_full_bothhands\Peaceful_Waters_from_TES_III_Morrowind__Jeremy_Soule__m040-047__c000662.musicxml,True,,Peaceful Waters,Jeremy Soule,2,16,8,40,4,2,0,0.0,E2,A5,41,3,0.1,21,3,32.0,1.25,0.1111111111111111,,4/4,0,True,24,0,8,4,29,False,True
PERSEFONE__Viviana_Animas_Casanova__m004-011__c002944.musicxml,candidate_musicxml_full_bothhands\PERSEFONE__Viviana_Animas_Casanova__m004-011__c002944.musicxml,True,,PERSEFONE,Viviana Animas Casanova,2,16,8,68,8,11,2,0.029411764705882353,A2,C5,27,2,0.047619047619047616,14,4,32.0,2.125,0.15384615384615385,,4/4,0,True,32,0,12,8,15,False,True
Pesma_frule_klavir__NA__m016-023__c001987.musicxml,candidate_musicxml_full_bothhands\Pesma_frule_klavir__NA__m016-023__c001987.musicxml,True,,,,2,16,8,55,4,2,0,0.0,C2,D6,50,1,0.022222222222222223,24,3,24.0,2.2916666666666665,0.0784313725490196,,3/4,0,True,32,0,15,4,19,False,True
Piano_Man__By_Billy_Joel_-_arranged_by_Ace__m023-030__c001414.musicxml,candidate_musicxml_full_bothhands\Piano_Man__By_Billy_Joel_-_arranged_by_Ace__m023-030__c001414.musicxml,True,,Piano Man,By Billy Joel - arranged by Ace,2,16,8,54,7,3,0,0.0,E2,C5,32,1,0.02702702702702703,12,5,24.0,2.25,0.15217391304347827,,3/4,0,True,21,3,18,4,15,False,True
Piano_Man__By_Billy_Joel_-_arranged_by_Ace__m028-035__c001415.musicxml,candidate_musicxml_full_bothhands\Piano_Man__By_Billy_Joel_-_arranged_by_Ace__m028-035__c001415.musicxml,True,,Piano Man,By Billy Joel - arranged by Ace,2,16,8,51,4,2,1,0.0196078431372549,D2,D5,36,2,0.04878048780487805,12,3,24.0,2.125,0.0851063829787234,,3/4,0,True,19,4,24,0,17,False,True
Piano_Man__By_Billy_Joel_-_arranged_by_Ace__m147-154__c001416.musicxml,candidate_musicxml_full_bothhands\Piano_Man__By_Billy_Joel_-_arranged_by_Ace__m147-154__c001416.musicxml,True,,Piano Man,By Billy Joel - arranged by Ace,2,16,8,41,3,2,4,0.0975609756097561,D2,G4,29,3,0.09090909090909091,17,3,24.0,1.7083333333333333,0.07894736842105263,,3/4,0,True,11,3,24,0,17,False,True
Piano_Sheet_03__Sanithu__m004-011__c000372.musicxml,candidate_musicxml_full_bothhands\Piano_Sheet_03__Sanithu__m004-011__c000372.musicxml,True,,,lopoi,2,16,8,50,4,16,0,0.0,G2,C5,29,2,0.05,12,2,32.0,1.5625,0.08695652173913043,,4/4,0,True,27,0,15,4,12,False,True
Piano_Sonata_in_C_major__Wilhelm_Bauck__m126-133__c001329.musicxml,candidate_musicxml_full_bothhands\Piano_Sonata_in_C_major__Wilhelm_Bauck__m126-133__c001329.musicxml,True,,Piano Sonata in C major,Wilhelm Bauck,2,16,8,141,5,14,12,0.0851063829787234,D2,A6,55,3,0.023255813953488372,12,3,32.0,4.40625,0.03676470588235294,,4/4,0,True,68,0,63,5,27,False,True
Piano_Sonata_No._16_K_545_Allegro_by_W.A._Mozart__W.A._Mozart__m035-042__c003312.musicxml,candidate_musicxml_full_bothhands\Piano_Sonata_No._16_K_545_Allegro_by_W.A._Mozart__W.A._Mozart__m035-042__c003312.musicxml,True,,,,2,16,8,127,2,25,12,0.09448818897637795,C3,E6,40,2,0.016666666666666666,15,4,32.0,3.96875,0.016129032258064516,,4/4,0,True,66,0,56,2,24,False,True
Piano_Sonata_No._2_11_Key_Sonata_Floor_And_Rain__Alken_Valledor__m066-073__c001427.musicxml,candidate_musicxml_full_bothhands\Piano_Sonata_No._2_11_Key_Sonata_Floor_And_Rain__Alken_Valledor__m066-073__c001427.musicxml,True,,"Piano Sonata No. 2 (11 Key Sonata) ""Floor And Rain""",Alken Valledor,2,16,8,30,5,18,0,0.0,A3,B5,26,1,0.0625,19,3,32.0,0.9375,0.22727272727272727,,4/4,0,True,17,5,0,0,0,False,True
Piano_Sonata_No_1_Mozart_KV_279__Wolfgang_Amadeus_Mozart__m270-277__c002255.musicxml,candidate_musicxml_full_bothhands\Piano_Sonata_No_1_Mozart_KV_279__Wolfgang_Amadeus_Mozart__m270-277__c002255.musicxml,True,,Piano Sonate Nr. 1,Wolfgang Amadeus Mozart,2,16,8,82,7,5,5,0.06097560975609756,C2,C6,48,1,0.015873015873015872,12,4,16.0,5.125,0.09722222222222222,,2/4,0,True,46,3,19,4,24,False,True
Piano_Sonata_No_1_Mozart_KV_279__Wolfgang_Amadeus_Mozart__m301-308__c002257.musicxml,candidate_musicxml_full_bothhands\Piano_Sonata_No_1_Mozart_KV_279__Wolfgang_Amadeus_Mozart__m301-308__c002257.musicxml,True,,Piano Sonate Nr. 1,Wolfgang Amadeus Mozart,2,16,8,86,4,7,0,0.0,C3,A5,33,1,0.013333333333333334,12,4,16.0,5.375,0.04938271604938271,,2/4,0,True,23,3,54,1,24,False,True
Piano_Sonata_No_1_Mozart_KV_279__Wolfgang_Amadeus_Mozart__m328-335__c002258.musicxml,candidate_musicxml_full_bothhands\Piano_Sonata_No_1_Mozart_KV_279__Wolfgang_Amadeus_Mozart__m328-335__c002258.musicxml,True,,Piano Sonate Nr. 1,Wolfgang Amadeus Mozart,2,16,8,92,10,3,2,0.021739130434782608,F2,B5,42,2,0.028985507246376812,19,5,16.0,5.75,0.12345679012345678,,2/4,0,True,49,1,22,9,19,False,True
Piano_Sonatina_in_C_major_Op_20_No_1_by_Friedrich_Kuhlau__Friedrich_Kuhlau_1786-1832__m001-008__c002110.musicxml,candidate_musicxml_full_bothhands\Piano_Sonatina_in_C_major_Op_20_No_1_by_Friedrich_Kuhlau__Friedrich_Kuhlau_1786-1832__m001-008__c002110.musicxml,True,,,,2,16,8,87,1,6,1,0.011494252873563218,G2,E6,45,1,0.012048192771084338,24,3,32.0,2.71875,0.011627906976744186,,4/4,0,True,33,0,52,1,24,False,True
Piano_Sonatina_in_C_major_Op_20_No_1_by_Friedrich_Kuhlau__Friedrich_Kuhlau_1786-1832__m001-008__c003406.musicxml,candidate_musicxml_full_bothhands\Piano_Sonatina_in_C_major_Op_20_No_1_by_Friedrich_Kuhlau__Friedrich_Kuhlau_1786-1832__m001-008__c003406.musicxml,True,,Sonatina No. 1,F. D. Kuhlau,2,16,8,87,1,6,1,0.011494252873563218,G2,E6,45,1,0.012048192771084338,24,3,32.0,2.71875,0.011627906976744186,130.0,4/4,0,True,33,0,52,1,24,False,True
Piano_Sonatina_in_C_major_Op_20_No_1_by_Friedrich_Kuhlau__Friedrich_Kuhlau_1786-1832__m050-057__c002112.musicxml,candidate_musicxml_full_bothhands\Piano_Sonatina_in_C_major_Op_20_No_1_by_Friedrich_Kuhlau__Friedrich_Kuhlau_1786-1832__m050-057__c002112.musicxml,True,,,,2,16,8,87,1,6,1,0.011494252873563218,G2,E6,45,1,0.012048192771084338,24,3,32.0,2.71875,0.011627906976744186,,4/4,0,True,33,0,52,1,24,False,True
Piano_Sonatina_in_C_major_Op_20_No_1_by_Friedrich_Kuhlau__Friedrich_Kuhlau_1786-1832__m050-057__c003408.musicxml,candidate_musicxml_full_bothhands\Piano_Sonatina_in_C_major_Op_20_No_1_by_Friedrich_Kuhlau__Friedrich_Kuhlau_1786-1832__m050-057__c003408.musicxml,True,,Sonatina No. 1,F. D. Kuhlau,2,16,8,87,1,6,1,0.011494252873563218,G2,E6,45,1,0.012048192771084338,24,3,32.0,2.71875,0.011627906976744186,,4/4,0,True,33,0,52,1,24,False,True
Piano_Sonatina_in_C_major_Op_20_No_1_by_Friedrich_Kuhlau__Friedrich_Kuhlau_1786-1832__m070-077__c002113.musicxml,candidate_musicxml_full_bothhands\Piano_Sonatina_in_C_major_Op_20_No_1_by_Friedrich_Kuhlau__Friedrich_Kuhlau_1786-1832__m070-077__c002113.musicxml,True,,,,2,16,8,119,8,11,5,0.04201680672268908,G3,G6,36,1,0.010526315789473684,12,4,32.0,3.71875,0.0761904761904762,,4/4,0,True,92,0,5,8,12,False,True
Piano_Sonatina_in_C_major_Op_20_No_1_by_Friedrich_Kuhlau__Friedrich_Kuhlau_1786-1832__m070-077__c003409.musicxml,candidate_musicxml_full_bothhands\Piano_Sonatina_in_C_major_Op_20_No_1_by_Friedrich_Kuhlau__Friedrich_Kuhlau_1786-1832__m070-077__c003409.musicxml,True,,Sonatina No. 1,F. D. Kuhlau,2,16,8,119,8,11,5,0.04201680672268908,G3,G6,36,1,0.010526315789473684,12,4,32.0,3.71875,0.0761904761904762,,4/4,0,True,92,0,5,8,12,False,True
Piano_Sonatina_in_C_major_Op_20_No_1_by_Friedrich_Kuhlau__Friedrich_Kuhlau_1786-1832__m233-240__c003415.musicxml,candidate_musicxml_full_bothhands\Piano_Sonatina_in_C_major_Op_20_No_1_by_Friedrich_Kuhlau__Friedrich_Kuhlau_1786-1832__m233-240__c003415.musicxml,True,,Sonatina No. 1,F. D. Kuhlau,2,16,8,74,8,14,4,0.05405405405405406,G2,G5,36,2,0.03571428571428571,19,3,16.0,4.625,0.12121212121212122,,2/4,0,True,46,3,12,5,5,False,True
Piano_Sonatina_in_C_major_Op_20_No_1_by_Friedrich_Kuhlau__Friedrich_Kuhlau_1786-1832__m244-251__c003416.musicxml,candidate_musicxml_full_bothhands\Piano_Sonatina_in_C_major_Op_20_No_1_by_Friedrich_Kuhlau__Friedrich_Kuhlau_1786-1832__m244-251__c003416.musicxml,True,,Sonatina No. 1,F. D. Kuhlau,2,16,8,66,8,13,5,0.07575757575757576,G3,G6,36,1,0.021739130434782608,19,4,16.0,4.125,0.14285714285714285,,2/4,0,True,35,4,13,4,7,False,True
piano_stuff_november_2019__NA__m033-040__c000817.musicxml,candidate_musicxml_full_bothhands\piano_stuff_november_2019__NA__m033-040__c000817.musicxml,True,,piano stuff november 2019,,2,16,8,52,5,12,3,0.057692307692307696,F2,G5,38,2,0.05263157894736842,11,4,24.0,2.1666666666666665,0.1111111111111111,,3/4,0,True,33,2,7,3,11,False,True
Primal_instinct__Hunter_Clark__m010-017__c001878.musicxml,candidate_musicxml_full_bothhands\Primal_instinct__Hunter_Clark__m010-017__c001878.musicxml,True,,Primal instinct,Hunter Clark,2,16,8,56,6,9,3,0.05357142857142857,F2,F5,36,2,0.047619047619047616,14,3,32.0,1.75,0.12,,4/4,0,True,20,0,24,6,14,False,True
Progr_s__Johann_Friedrich_Franz_Burgm_ller_1806-1874_Opus_100__m009-016__c002810.musicxml,candidate_musicxml_full_bothhands\Progr_s__Johann_Friedrich_Franz_Burgm_ller_1806-1874_Opus_100__m009-016__c002810.musicxml,True,,Progrès,Johann Friedrich Franz Burgmüller (1806-1874),2,16,8,78,4,7,5,0.0641025641025641,C3,E6,40,3,0.04411764705882353,11,2,32.0,2.4375,0.05405405405405406,,4/4,0,True,42,2,28,2,17,False,True
Rabata_-_Agent_Vinod_Bollywood__Clyde_Machado__m050-057__c002379.musicxml,candidate_musicxml_full_bothhands\Rabata_-_Agent_Vinod_Bollywood__Clyde_Machado__m050-057__c002379.musicxml,True,,Rabata,,2,16,8,53,6,10,0,0.0,A2,F5,32,1,0.027777777777777776,10,4,32.0,1.65625,0.13636363636363635,,4/4,0,True,25,0,13,6,10,False,True
Rainfall__Marc_Lange__m011-018__c000449.musicxml,candidate_musicxml_full_bothhands\Rainfall__Marc_Lange__m011-018__c000449.musicxml,True,,Title,Composer,2,16,8,60,10,14,0,0.0,D3,E6,38,1,0.03571428571428571,10,4,32.0,1.875,0.25,,4/4,0,True,25,0,5,10,7,False,True
Ranma_1_2_OP_3_Zettai__Ranma_1_2_OP_3__m002-009__c001121.musicxml,candidate_musicxml_full_bothhands\Ranma_1_2_OP_3_Zettai__Ranma_1_2_OP_3__m002-009__c001121.musicxml,True,,Never!,Ranma 1/2,2,16,8,114,8,7,9,0.07894736842105263,B1,G6,56,1,0.010416666666666666,10,4,32.0,3.5625,0.07547169811320754,,4/4,0,True,43,7,55,1,20,False,True
Ranma_1_2_OP_3_Zettai__Ranma_1_2_OP_3__m012-019__c001122.musicxml,candidate_musicxml_full_bothhands\Ranma_1_2_OP_3_Zettai__Ranma_1_2_OP_3__m012-019__c001122.musicxml,True,,Never!,Ranma 1/2,2,16,8,109,6,3,4,0.03669724770642202,F2,E6,47,2,0.02127659574468085,16,4,32.0,3.40625,0.058823529411764705,,4/4,0,True,48,4,48,2,18,False,True
Ranma_1_2_OP_3_Zettai__Ranma_1_2_OP_3__m050-057__c001124.musicxml,candidate_musicxml_full_bothhands\Ranma_1_2_OP_3_Zettai__Ranma_1_2_OP_3__m050-057__c001124.musicxml,True,,Never!,Ranma 1/2,2,16,8,109,6,3,4,0.03669724770642202,F2,D6,45,2,0.02127659574468085,16,4,32.0,3.40625,0.058823529411764705,,4/4,0,True,48,4,48,2,18,False,True
Read_You_Bible_Song__NA__m002-009__c000748.musicxml,candidate_musicxml_full_bothhands\Read_You_Bible_Song__NA__m002-009__c000748.musicxml,True,,,,2,16,8,85,1,1,0,0.0,C3,C5,24,1,0.0125,10,4,32.0,2.65625,0.012048192771084338,,4/4,0,True,25,1,57,0,7,False,True
Red_Black_Light_by_Ibrahim_Maalouf__Ibrahim_Maalouf__m033-040__c001903.musicxml,candidate_musicxml_full_bothhands\Red_Black_Light_by_Ibrahim_Maalouf__Ibrahim_Maalouf__m033-040__c001903.musicxml,True,,Red & Black Light,Ibrahim Maalouf,2,16,8,93,5,4,0,0.0,F2,B4,30,3,0.038461538461538464,12,6,32.0,2.90625,0.058823529411764705,,4/4,0,True,38,3,42,2,16,False,True
Rise_League_of_Legends_music_-_The_Glitch_Mob_Mako_and_The_World_Alive_C_Major__NA__m001-008__c002496.musicxml,candidate_musicxml_full_bothhands\Rise_League_of_Legends_music_-_The_Glitch_Mob_Mako_and_The_World_Alive_C_Major__NA__m001-008__c002496.musicxml,True,,RISE,,2,16,8,106,8,4,0,0.0,A1,E5,43,1,0.012345679012345678,19,5,32.0,3.3125,0.08791208791208792,90.0,4/4,0,True,75,0,8,8,5,False,True
River_Flows_in_You_Easy_version__Lorenzo__m020-027__c000802.musicxml,candidate_musicxml_full_bothhands\River_Flows_in_You_Easy_version__Lorenzo__m020-027__c000802.musicxml,True,,River Flows in You,Lorenzo,2,16,8,66,4,11,0,0.0,C3,G5,31,2,0.03571428571428571,12,2,32.0,2.0625,0.06451612903225806,,4/4,0,True,40,4,18,0,19,False,True
River_Flows_in_You_Easy_version__Lorenzo__m025-032__c000803.musicxml,candidate_musicxml_full_bothhands\River_Flows_in_You_Easy_version__Lorenzo__m025-032__c000803.musicxml,True,,River Flows in You,Lorenzo,2,16,8,78,6,8,1,0.01282051282051282,C3,G5,31,1,0.015625,12,2,32.0,2.4375,0.08333333333333333,,4/4,0,True,47,6,19,0,12,False,True
River_Flows_in_You_Easy_version__Lorenzo__m030-037__c000804.musicxml,candidate_musicxml_full_bothhands\River_Flows_in_You_Easy_version__Lorenzo__m030-037__c000804.musicxml,True,,River Flows in You,Lorenzo,2,16,8,81,6,8,1,0.012345679012345678,C3,G5,31,2,0.029850746268656716,12,2,32.0,2.53125,0.08,,4/4,0,True,50,6,19,0,12,False,True
River_running_free__Heather_Saville__m018-025__c001840.musicxml,candidate_musicxml_full_bothhands\River_running_free__Heather_Saville__m018-025__c001840.musicxml,True,,composistion,,2,16,8,79,7,4,0,0.0,C3,E6,40,1,0.016129032258064516,19,5,24.0,3.2916666666666665,0.09859154929577464,,3/4,0,True,24,6,40,1,16,False,True
River_running_free__Heather_Saville__m054-061__c001842.musicxml,candidate_musicxml_full_bothhands\River_running_free__Heather_Saville__m054-061__c001842.musicxml,True,,composistion,,2,16,8,81,7,4,0,0.0,C3,E6,40,1,0.015625,19,5,24.0,3.375,0.0958904109589041,,3/4,0,True,26,6,40,1,16,False,True
Rurouni_Kenshin_-_Departure_WIP__Composed_by_Noriyuki_AsakuraArranged_by_Ryan_Corp__m016-023__c001883.musicxml,candidate_musicxml_full_bothhands\Rurouni_Kenshin_-_Departure_WIP__Composed_by_Noriyuki_AsakuraArranged_by_Ryan_Corp__m016-023__c001883.musicxml,True,,,,2,16,8,95,1,0,0,0.0,A2,E5,31,2,0.022222222222222223,12,4,32.0,2.96875,0.010752688172043012,,4/4,0,True,34,0,58,1,19,False,True
Sad__Marc_Lange__m004-011__c003363.musicxml,candidate_musicxml_full_bothhands\Sad__Marc_Lange__m004-011__c003363.musicxml,True,,Title,Composer,2,16,8,55,3,7,0,0.0,A2,A6,48,1,0.02127659574468085,21,3,32.0,1.71875,0.057692307692307696,,4/4,0,True,20,3,29,0,48,False,True
Sakura_no_Tsuiseki__Nathaniel_Van_Cleave__m015-022__c003486.musicxml,candidate_musicxml_full_bothhands\Sakura_no_Tsuiseki__Nathaniel_Van_Cleave__m015-022__c003486.musicxml,True,,Sakura no Tsuiseki,Nathaniel Van Cleave,2,16,8,56,1,1,0,0.0,B1,B5,48,1,0.019230769230769232,17,3,32.0,1.75,0.01818181818181818,,4/4,0,True,31,1,23,0,13,False,True
Samraat_-_Striving_for_life__NA__m009-016__c001015.musicxml,candidate_musicxml_full_bothhands\Samraat_-_Striving_for_life__NA__m009-016__c001015.musicxml,True,,,,2,16,8,97,6,1,0,0.0,A2,E6,43,1,0.012048192771084338,11,4,32.0,3.03125,0.06593406593406594,,4/4,0,True,35,3,50,3,14,False,True
sao5_10_gacha_01__BANDAI_NAMCO__m006-013__c003793.musicxml,candidate_musicxml_full_bothhands\sao5_10_gacha_01__BANDAI_NAMCO__m006-013__c003793.musicxml,True,,sao5_10_gacha_01,BANDAI NAMCO,2,16,8,99,6,0,2,0.020202020202020204,C2,C6,48,2,0.023809523809523808,14,4,32.0,3.09375,0.06521739130434782,,4/4,0,True,45,3,41,3,19,False,True
sao5_10_gacha_01__BANDAI_NAMCO__m011-018__c003794.musicxml,candidate_musicxml_full_bothhands\sao5_10_gacha_01__BANDAI_NAMCO__m011-018__c003794.musicxml,True,,sao5_10_gacha_01,BANDAI NAMCO,2,16,8,82,4,6,4,0.04878048780487805,C2,C7,60,2,0.028169014084507043,16,4,32.0,2.5625,0.05194805194805195,,4/4,0,True,39,2,34,2,19,False,True
Save_Me_-_Piano__NA__m025-032__c002454.musicxml,candidate_musicxml_full_bothhands\Save_Me_-_Piano__NA__m025-032__c002454.musicxml,True,,Save Me - Piano Cover,,2,16,8,58,8,1,0,0.0,E2,E5,36,1,0.024390243902439025,19,3,32.0,1.8125,0.16,,4/4,0,True,42,0,0,8,0,False,True
School_Of_Velocity_op.299_no.2_Czerny__Carl_Czerny__m012-019__c003277.musicxml,candidate_musicxml_full_bothhands\School_Of_Velocity_op.299_no.2_Czerny__Carl_Czerny__m012-019__c003277.musicxml,True,,,,2,16,8,170,9,15,5,0.029411764705882353,A1,E7,67,2,0.013888888888888888,11,4,32.0,5.3125,0.05806451612903226,,4/4,0,True,35,8,111,1,46,False,True
School_Of_Velocity_op._299_no.1_Czerny__Carl_Czerny__m008-015__c003789.musicxml,candidate_musicxml_full_bothhands\School_Of_Velocity_op._299_no.1_Czerny__Carl_Czerny__m008-015__c003789.musicxml,True,,,,2,16,8,150,8,6,3,0.02,F#2,F7,59,1,0.008,10,4,32.0,4.6875,0.05970149253731343,,4/4,0,True,126,0,0,8,0,False,True
Schumann_-_Album_for_the_Young_Op._68_No._12_Santa_Claus__Schumann_Op._68_No._12__m001-008__c001215.musicxml,candidate_musicxml_full_bothhands\Schumann_-_Album_for_the_Young_Op._68_No._12_Santa_Claus__Schumann_Op._68_No._12__m001-008__c001215.musicxml,True,,Santa Claus,"Schumann, Op. 68, No. 12",2,16,8,86,5,0,4,0.046511627906976744,A1,C5,39,2,0.028985507246376812,24,4,16.0,5.375,0.06578947368421052,126.0,2/4,0,True,33,5,38,0,24,False,True
Schumann_-_Album_for_the_Young_Op._68_No._12_Santa_Claus__Schumann_Op._68_No._12__m049-056__c001217.musicxml,candidate_musicxml_full_bothhands\Schumann_-_Album_for_the_Young_Op._68_No._12_Santa_Claus__Schumann_Op._68_No._12__m049-056__c001217.musicxml,True,,Santa Claus,"Schumann, Op. 68, No. 12",2,16,8,86,5,0,4,0.046511627906976744,A1,C5,39,2,0.028985507246376812,24,4,16.0,5.375,0.06578947368421052,,2/4,0,True,33,5,38,0,24,False,True
score__1797__m005-012__c003128.musicxml,candidate_musicxml_full_bothhands\score__1797__m005-012__c003128.musicxml,True,,Θούριος,Ρήγας Φεραίος 1797,2,16,8,52,2,8,1,0.019230769230769232,G2,F5,34,1,0.022727272727272728,14,4,32.0,1.625,0.041666666666666664,,4/4,0,True,27,0,19,2,14,False,True
score__1797__m010-017__c003129.musicxml,candidate_musicxml_full_bothhands\score__1797__m010-017__c003129.musicxml,True,,Θούριος,Ρήγας Φεραίος 1797,2,16,8,58,4,5,2,0.034482758620689655,G2,F5,34,2,0.041666666666666664,14,3,32.0,1.8125,0.07407407407407407,,4/4,0,True,27,0,23,4,14,False,True
score__1797__m021-028__c003130.musicxml,candidate_musicxml_full_bothhands\score__1797__m021-028__c003130.musicxml,True,,Θούριος,Ρήγας Φεραίος 1797,2,16,8,56,3,4,0,0.0,F2,G5,38,1,0.020833333333333332,12,3,32.0,1.75,0.05660377358490566,,4/4,0,True,26,0,24,3,16,False,True
score__m034-041__c002362.musicxml,candidate_musicxml_full_bothhands\score__m034-041__c002362.musicxml,True,,,,2,16,8,73,1,0,0,0.0,E2,G5,39,3,0.043478260869565216,19,3,32.0,2.28125,0.013888888888888888,,4/4,0,True,24,0,47,1,25,False,True
score__m039-046__c002363.musicxml,candidate_musicxml_full_bothhands\score__m039-046__c002363.musicxml,True,,,,2,16,8,67,2,0,0,0.0,E2,E5,36,3,0.05084745762711865,17,4,32.0,2.09375,0.031746031746031744,,4/4,0,True,26,0,35,2,20,False,True
Self-Esteem__Composer__m003-010__c001801.musicxml,candidate_musicxml_full_bothhands\Self-Esteem__Composer__m003-010__c001801.musicxml,True,,Title,Composer,2,16,8,61,9,2,0,0.0,A2,B5,38,1,0.023809523809523808,10,4,32.0,1.90625,0.17307692307692307,,4/4,0,True,43,1,0,8,0,False,True
Self-Esteem__Composer__m010-017__c001802.musicxml,candidate_musicxml_full_bothhands\Self-Esteem__Composer__m010-017__c001802.musicxml,True,,Title,Composer,2,16,8,88,6,6,8,0.09090909090909091,D2,G6,53,1,0.013333333333333334,12,4,32.0,2.75,0.07317073170731707,,4/4,0,True,76,1,0,5,0,False,True
Self-Esteem__Composer__m021-028__c001803.musicxml,candidate_musicxml_full_bothhands\Self-Esteem__Composer__m021-028__c001803.musicxml,True,,Title,Composer,2,16,8,58,2,13,0,0.0,E2,A6,53,1,0.0196078431372549,12,4,32.0,1.8125,0.03636363636363636,,4/4,0,True,41,1,12,1,15,False,True
Self-Esteem__Composer__m028-035__c001804.musicxml,candidate_musicxml_full_bothhands\Self-Esteem__Composer__m028-035__c001804.musicxml,True,,Title,Composer,2,16,8,63,4,8,0,0.0,B1,E6,53,2,0.03773584905660377,10,3,32.0,1.96875,0.06779661016949153,,4/4,0,True,31,0,24,4,24,False,True
Self-Esteem__Composer__m052-059__c001805.musicxml,candidate_musicxml_full_bothhands\Self-Esteem__Composer__m052-059__c001805.musicxml,True,,Title,Composer,2,16,8,35,2,7,2,0.05714285714285714,G1,B6,64,1,0.034482758620689655,22,3,32.0,1.09375,0.06060606060606061,,4/4,0,True,10,1,21,1,28,False,True
Self-Esteem__Composer__m057-064__c001806.musicxml,candidate_musicxml_full_bothhands\Self-Esteem__Composer__m057-064__c001806.musicxml,True,,Title,Composer,2,16,8,62,1,8,1,0.016129032258064516,E1,G5,51,1,0.017241379310344827,10,2,32.0,1.9375,0.01639344262295082,,4/4,0,True,32,1,28,0,12,False,True
Self-Esteem__Composer__m062-069__c001807.musicxml,candidate_musicxml_full_bothhands\Self-Esteem__Composer__m062-069__c001807.musicxml,True,,Title,Composer,2,16,8,66,8,12,2,0.030303030303030304,B1,E7,65,1,0.02127659574468085,10,4,32.0,2.0625,0.14285714285714285,,4/4,0,True,48,0,0,8,0,False,True
Senorita__Arranged_byMusic_Hut_Online_AcademyFor_Online_Piano_Lessonssend_us_a_WhatsApp_message_91_99406_22482__m017-024__c001896.musicxml,candidate_musicxml_full_bothhands\Senorita__Arranged_byMusic_Hut_Online_AcademyFor_Online_Piano_Lessonssend_us_a_WhatsApp_message_91_99406_22482__m017-024__c001896.musicxml,True,,Senorita,Music Hut Online Academy,2,16,8,80,10,27,0,0.0,C3,A5,33,2,0.041666666666666664,11,4,32.0,2.5,0.16666666666666666,,4/4,0,True,40,0,10,10,11,False,True
Senorita__Arranged_byMusic_Hut_Online_AcademyFor_Online_Piano_Lessonssend_us_a_WhatsApp_message_91_99406_22482__m025-032__c001897.musicxml,candidate_musicxml_full_bothhands\Senorita__Arranged_byMusic_Hut_Online_AcademyFor_Online_Piano_Lessonssend_us_a_WhatsApp_message_91_99406_22482__m025-032__c001897.musicxml,True,,Senorita,Music Hut Online Academy,2,16,8,83,8,29,0,0.0,C3,C6,36,2,0.03389830508474576,18,4,32.0,2.59375,0.11594202898550725,,4/4,0,True,45,0,16,8,26,False,True
Sergey_Eybog_-_Farewell_To_the_Past_Everlasting_Summer_OST__Sergey_Eybog__m039-046__c001333.musicxml,candidate_musicxml_full_bothhands\Sergey_Eybog_-_Farewell_To_the_Past_Everlasting_Summer_OST__Sergey_Eybog__m039-046__c001333.musicxml,True,,Sergey Eybog -  Farewell To the Past (Everlasting Summer),Sergey Eybog (Сергей Ейбог),2,16,8,88,9,6,0,0.0,C3,A6,45,1,0.016129032258064516,35,4,32.0,2.75,0.1232876712328767,,4/4,0,True,27,3,37,6,38,False,True
Siege_of_Madrigal_Halo_music_score_for_piano__Martin_O_Donnell__m020-027__c003730.musicxml,candidate_musicxml_full_bothhands\Siege_of_Madrigal_Halo_music_score_for_piano__Martin_O_Donnell__m020-027__c003730.musicxml,True,,Siege of Madrigal,Martin O'Donnell,2,16,8,34,4,6,0,0.0,E2,A4,29,2,0.08333333333333333,12,3,24.0,1.4166666666666667,0.13333333333333333,,3/4,0,True,21,3,5,1,16,False,True
Silent_Night__NA__m001-008__c002167.musicxml,candidate_musicxml_full_bothhands\Silent_Night__NA__m001-008__c002167.musicxml,True,,Silent Night,,2,16,8,38,6,0,0,0.0,B2,D5,27,1,0.05555555555555555,10,4,24.0,1.5833333333333333,0.23076923076923078,70.0,3/4,0,True,14,0,6,6,8,False,True
Skillet_-_Forgiven__NA__m048-055__c002265.musicxml,candidate_musicxml_full_bothhands\Skillet_-_Forgiven__NA__m048-055__c002265.musicxml,True,,,,2,16,8,64,9,4,2,0.03125,B2,F6,42,1,0.025,12,5,32.5,1.9692307692307693,0.17647058823529413,,4/4,0,True,27,5,15,4,12,False,True
Snowy_forest__m007-014__c001863.musicxml,candidate_musicxml_full_bothhands\Snowy_forest__m007-014__c001863.musicxml,True,,Снежный лес,Макаров Пю,2,16,8,91,10,0,3,0.03296703296703297,F2,G5,38,1,0.016666666666666666,14,4,16.0,5.6875,0.14084507042253522,,2/4,0,True,61,0,0,10,0,False,True
Soft_Windflower__Arranged_by_Decker223_Original_Artist_S_shi_Hosoi__m010-017__c002220.musicxml,candidate_musicxml_full_bothhands\Soft_Windflower__Arranged_by_Decker223_Original_Artist_S_shi_Hosoi__m010-017__c002220.musicxml,True,,Soft Windflower,Sōshi Hosoi,2,16,8,52,8,2,0,0.0,D2,B4,33,1,0.03571428571428571,17,4,32.0,1.625,0.21052631578947367,,4/4,0,True,21,2,9,6,17,False,True
Soft_Windflower__Arranged_by_Decker223_Original_Artist_S_shi_Hosoi__m015-022__c002221.musicxml,candidate_musicxml_full_bothhands\Soft_Windflower__Arranged_by_Decker223_Original_Artist_S_shi_Hosoi__m015-022__c002221.musicxml,True,,Soft Windflower,Sōshi Hosoi,2,16,8,66,8,2,0,0.0,C2,A4,33,1,0.023255813953488372,17,4,32.0,2.0625,0.1509433962264151,,4/4,0,True,18,3,27,5,19,False,True
Someone_You_Loved__Lewis_Capaldi__m001-008__c001531.musicxml,candidate_musicxml_full_bothhands\Someone_You_Loved__Lewis_Capaldi__m001-008__c001531.musicxml,True,,Someone You Loved,Lewis Capaldi,2,16,8,62,4,3,0,0.0,B2,E5,29,1,0.0196078431372549,10,3,32.0,1.9375,0.07017543859649122,120.0,4/4,0,True,49,0,4,4,7,False,True
Someone_You_Loved__Lewis_Capaldi__m019-026__c001532.musicxml,candidate_musicxml_full_bothhands\Someone_You_Loved__Lewis_Capaldi__m019-026__c001532.musicxml,True,,Someone You Loved,Lewis Capaldi,2,16,8,60,8,2,0,0.0,C2,G5,43,1,0.024390243902439025,12,4,32.0,1.875,0.16,,4/4,0,True,42,0,0,8,0,False,True
Sonata_in_C_-_Full_First_Movement__W.A_Mozart__m035-042__c000132.musicxml,candidate_musicxml_full_bothhands\Sonata_in_C_-_Full_First_Movement__W.A_Mozart__m035-042__c000132.musicxml,True,,,,2,16,8,127,2,25,12,0.09448818897637795,C3,E6,40,2,0.016666666666666666,15,4,32.0,3.96875,0.016129032258064516,,4/4,0,True,66,0,56,2,24,False,True
Sonata_In_C_Major_Wolfgang_Amadeus_Mozart__arr._Kelvin_Olaiya__m035-042__c003640.musicxml,candidate_musicxml_full_bothhands\Sonata_In_C_Major_Wolfgang_Amadeus_Mozart__arr._Kelvin_Olaiya__m035-042__c003640.musicxml,True,,,,2,16,8,127,2,25,12,0.09448818897637795,C3,E6,40,2,0.016666666666666666,15,4,32.0,3.96875,0.016129032258064516,,4/4,0,True,66,0,56,2,24,False,True
Sonata_in_C_Major__Ze77en__m028-035__c001814.musicxml,candidate_musicxml_full_bothhands\Sonata_in_C_Major__Ze77en__m028-035__c001814.musicxml,True,,Sonata in C Major,Brett Rodriguez,2,16,8,92,7,11,2,0.021739130434782608,G2,E5,33,2,0.028985507246376812,19,4,32.0,2.875,0.08974358974358974,,4/4,0,True,43,1,28,6,17,False,True
Sonata_n._16_in_C_Major__W._A._Mozart__m035-042__c003401.musicxml,candidate_musicxml_full_bothhands\Sonata_n._16_in_C_Major__W._A._Mozart__m035-042__c003401.musicxml,True,,Sonata n. 16 in C Major,W. A. Mozart,2,16,8,127,2,25,12,0.09448818897637795,C3,E6,40,2,0.016666666666666666,15,4,32.0,3.96875,0.016129032258064516,,4/4,0,True,66,0,56,2,24,False,True
Sonata_n._1_Op._29__J._C._Dovicchi_1951__m203-210__c003024.musicxml,candidate_musicxml_full_bothhands\Sonata_n._1_Op._29__J._C._Dovicchi_1951__m203-210__c003024.musicxml,True,,Sonata,J. C. Dovicchi,2,16,8,67,2,5,5,0.07462686567164178,E2,C6,44,1,0.01639344262295082,12,2,24.0,2.7916666666666665,0.03076923076923077,,3/4,0,True,25,0,38,2,17,False,True
Sonata_n._1_Op._29__J._C._Dovicchi_1951__m292-299__c003031.musicxml,candidate_musicxml_full_bothhands\Sonata_n._1_Op._29__J._C._Dovicchi_1951__m292-299__c003031.musicxml,True,,Sonata,J. C. Dovicchi,2,16,8,67,2,5,5,0.07462686567164178,E2,C6,44,1,0.01639344262295082,12,2,24.0,2.7916666666666665,0.03076923076923077,,3/4,0,True,25,0,38,2,17,False,True
Sonata_No._16_K._545_1st_movement__Wolfgang_Amadeus_Mozart__m035-042__c000624.musicxml,candidate_musicxml_full_bothhands\Sonata_No._16_K._545_1st_movement__Wolfgang_Amadeus_Mozart__m035-042__c000624.musicxml,True,,Sonata,Mozart,2,16,8,127,2,25,12,0.09448818897637795,C3,E6,40,2,0.016666666666666666,15,4,32.0,3.96875,0.016129032258064516,,4/4,0,True,66,0,56,2,24,False,True
Sonata_no_16_in_C_Major__Wolfgang_Amadeus_Mozart__m035-042__c001653.musicxml,candidate_musicxml_full_bothhands\Sonata_no_16_in_C_Major__Wolfgang_Amadeus_Mozart__m035-042__c001653.musicxml,True,,Sonata no 16 in C Major,Wolfgang Amadeus Mozart,2,16,8,127,2,25,12,0.09448818897637795,C3,E6,40,2,0.016666666666666666,15,4,32.0,3.96875,0.016129032258064516,,4/4,0,True,66,0,56,2,24,False,True
Sonata_No_16_KV_545_Facile_Mozart__Wolfgang_Amadeus_Mozart__m035-042__c001968.musicxml,candidate_musicxml_full_bothhands\Sonata_No_16_KV_545_Facile_Mozart__Wolfgang_Amadeus_Mozart__m035-042__c001968.musicxml,True,,,,2,16,8,128,2,25,12,0.09375,A2,E6,43,2,0.016666666666666666,17,5,32.0,4.0,0.016129032258064516,,4/4,0,True,66,0,56,2,27,False,True
Sonatina_C_ANALYSIS__J_chym_pa_ek__m024-031__c001480.musicxml,candidate_musicxml_full_bothhands\Sonatina_C_ANALYSIS__J_chym_pa_ek__m024-031__c001480.musicxml,True,,Sonatina C Dur,Jáchym Špaček,2,16,8,99,3,2,8,0.08080808080808081,D2,G5,41,2,0.022727272727272728,12,4,32.0,3.09375,0.03225806451612903,,4/4,0,True,52,3,38,0,24,False,True
Sonatina_C_ANALYSIS__J_chym_pa_ek__m073-080__c001483.musicxml,candidate_musicxml_full_bothhands\Sonatina_C_ANALYSIS__J_chym_pa_ek__m073-080__c001483.musicxml,True,,Sonatina C Dur,Jáchym Špaček,2,16,8,99,3,2,1,0.010101010101010102,C2,C5,36,1,0.011363636363636364,12,4,32.0,3.09375,0.03225806451612903,,4/4,0,True,52,3,38,0,19,False,True
Sonatina_C_Dur__J_chym_pa_ek__m024-031__c001941.musicxml,candidate_musicxml_full_bothhands\Sonatina_C_Dur__J_chym_pa_ek__m024-031__c001941.musicxml,True,,Sonatina C Dur,Jáchym Špaček,2,16,8,99,3,2,8,0.08080808080808081,D2,G5,41,2,0.022727272727272728,12,4,32.0,3.09375,0.03225806451612903,,4/4,0,True,52,3,38,0,24,False,True
Sonatina_C_Dur__J_chym_pa_ek__m073-080__c001944.musicxml,candidate_musicxml_full_bothhands\Sonatina_C_Dur__J_chym_pa_ek__m073-080__c001944.musicxml,True,,Sonatina C Dur,Jáchym Špaček,2,16,8,99,3,2,1,0.010101010101010102,C2,C5,36,1,0.011363636363636364,12,4,32.0,3.09375,0.03225806451612903,,4/4,0,True,52,3,38,0,19,False,True
Sonatina_in_C_major_by_C.H._Wilton__C.H._Wilton_1761-1832__m001-008__c001412.musicxml,candidate_musicxml_full_bothhands\Sonatina_in_C_major_by_C.H._Wilton__C.H._Wilton_1761-1832__m001-008__c001412.musicxml,True,,Sonatina,C.H. Wilton,2,16,8,65,10,2,1,0.015384615384615385,D2,G5,41,2,0.047619047619047616,12,4,16.0,4.0625,0.18518518518518517,,2/4,0,True,39,1,5,9,17,False,True
Sonatina_in_C_major_by_C.H._Wilton__C.H._Wilton_1761-1832__m007-014__c001413.musicxml,candidate_musicxml_full_bothhands\Sonatina_in_C_major_by_C.H._Wilton__C.H._Wilton_1761-1832__m007-014__c001413.musicxml,True,,Sonatina,C.H. Wilton,2,16,8,64,8,4,1,0.015625,D2,G5,41,2,0.044444444444444446,12,4,16.0,4.0,0.14545454545454545,,2/4,0,True,42,1,5,7,17,False,True
Sovereign__kevin_Mac_leod__m034-041__c003150.musicxml,candidate_musicxml_full_bothhands\Sovereign__kevin_Mac_leod__m034-041__c003150.musicxml,True,,Sovereign,kevin Mac leod,2,16,8,67,7,11,0,0.0,F2,E5,35,3,0.06,14,3,24.0,2.7916666666666665,0.11864406779661017,,3/4,0,True,19,3,33,4,18,False,True
Sovereign__kevin_Mac_leod__m052-059__c003152.musicxml,candidate_musicxml_full_bothhands\Sovereign__kevin_Mac_leod__m052-059__c003152.musicxml,True,,Sovereign,kevin Mac leod,2,16,8,53,3,22,0,0.0,F2,B4,30,2,0.044444444444444446,14,2,24.0,2.2083333333333335,0.06,,3/4,0,True,24,0,23,3,18,False,True
Spanish_Dance__Traditional__m009-016__c001572.musicxml,candidate_musicxml_full_bothhands\Spanish_Dance__Traditional__m009-016__c001572.musicxml,True,,Spanish Dance,Traditional,2,16,8,49,4,8,1,0.02040816326530612,C3,C5,24,1,0.02564102564102564,12,3,24.0,2.0416666666666665,0.08888888888888889,,3/4,0,True,25,2,16,2,12,False,True
Spanish_Dance__Traditional__m014-021__c001573.musicxml,candidate_musicxml_full_bothhands\Spanish_Dance__Traditional__m014-021__c001573.musicxml,True,,Spanish Dance,Traditional,2,16,8,41,3,7,1,0.024390243902439025,G#2,E5,32,2,0.06060606060606061,12,4,21.0,1.9523809523809523,0.07894736842105263,,3/4,0,True,19,2,16,1,16,False,True
Spanish_Dance__Traditional__m026-033__c001574.musicxml,candidate_musicxml_full_bothhands\Spanish_Dance__Traditional__m026-033__c001574.musicxml,True,,Spanish Dance,Traditional,2,16,8,45,1,4,4,0.08888888888888889,G#2,E5,32,1,0.024390243902439025,12,3,24.0,1.875,0.022727272727272728,,3/4,0,True,20,1,23,0,8,False,True
Spindler_Sonatina_in_the_Antique_Style_-_Op._157_No._4__Fritz_Spindler__m030-037__c001505.musicxml,candidate_musicxml_full_bothhands\Spindler_Sonatina_in_the_Antique_Style_-_Op._157_No._4__Fritz_Spindler__m030-037__c001505.musicxml,True,,Sonatina in the Antique Style,Fritz Spindler,2,16,8,77,3,2,3,0.03896103896103896,F2,A5,40,2,0.029850746268656716,14,4,16.0,4.8125,0.041666666666666664,,2/4,0,True,44,0,25,3,28,False,True
Spindler_Sonatina_in_the_Antique_Style_-_Op._157_No._4__Fritz_Spindler__m048-055__c001507.musicxml,candidate_musicxml_full_bothhands\Spindler_Sonatina_in_the_Antique_Style_-_Op._157_No._4__Fritz_Spindler__m048-055__c001507.musicxml,True,,Sonatina in the Antique Style,Fritz Spindler,2,16,8,66,3,4,5,0.07575757575757576,B2,A5,34,2,0.03571428571428571,14,4,16.0,4.125,0.04918032786885246,,2/4,0,True,37,0,21,3,22,False,True
Spindler_Sonatina_in_the_Antique_Style_-_Op._157_No._4__Fritz_Spindler__m078-085__c001509.musicxml,candidate_musicxml_full_bothhands\Spindler_Sonatina_in_the_Antique_Style_-_Op._157_No._4__Fritz_Spindler__m078-085__c001509.musicxml,True,,Sonatina in the Antique Style,Fritz Spindler,2,16,8,53,6,4,5,0.09433962264150944,D3,F#5,28,1,0.027777777777777776,12,4,16.0,3.3125,0.13636363636363635,,2/4,0,True,35,0,3,6,5,False,True
Spindler_Sonatina_in_the_Antique_Style_-_Op._157_No._4__Fritz_Spindler__m091-098__c001511.musicxml,candidate_musicxml_full_bothhands\Spindler_Sonatina_in_the_Antique_Style_-_Op._157_No._4__Fritz_Spindler__m091-098__c001511.musicxml,True,,Sonatina in the Antique Style,Fritz Spindler,2,16,8,78,6,2,0,0.0,C2,A5,45,2,0.03125,12,3,16.0,4.875,0.08333333333333333,,2/4,0,True,34,6,32,0,21,False,True
Spindler_Sonatina_No._1_Op._157__Fritz_Spindler__m001-008__c001102.musicxml,candidate_musicxml_full_bothhands\Spindler_Sonatina_No._1_Op._157__Fritz_Spindler__m001-008__c001102.musicxml,True,,Sonatina,Fritz Spindler,2,16,8,79,9,0,1,0.012658227848101266,D3,A5,31,2,0.03389830508474576,12,3,15.0,5.266666666666667,0.12857142857142856,115.0,2/4,0,True,41,0,20,9,15,False,True
Spindler_Sonatina_No._1_Op._157__Fritz_Spindler__m012-019__c001103.musicxml,candidate_musicxml_full_bothhands\Spindler_Sonatina_No._1_Op._157__Fritz_Spindler__m012-019__c001103.musicxml,True,,Sonatina,Fritz Spindler,2,16,8,76,4,0,1,0.013157894736842105,D3,A6,43,2,0.030303030303030304,12,3,16.0,4.75,0.05555555555555555,,2/4,0,True,42,0,26,4,15,False,True
Steps__NA__m077-084__c002488.musicxml,candidate_musicxml_full_bothhands\Steps__NA__m077-084__c002488.musicxml,True,,,,2,16,8,64,6,0,0,0.0,F2,E5,35,1,0.022727272727272728,28,4,24.0,2.6666666666666665,0.11538461538461539,100.0,3/4,0,True,33,0,13,6,28,False,True
Straight_Heat__NA__m044-051__c000442.musicxml,candidate_musicxml_full_bothhands\Straight_Heat__NA__m044-051__c000442.musicxml,True,,Straight Heat,,2,16,8,46,6,0,0,0.0,F1,G5,50,2,0.07692307692307693,10,4,24.0,1.9166666666666667,0.17647058823529413,,3/4,0,True,22,0,6,6,12,False,True
Suci_Dalam_Debu_Iklim__Original_song_by_Iklim_transcribed_by_dina.makan__m001-008__c002870.musicxml,candidate_musicxml_full_bothhands\Suci_Dalam_Debu_Iklim__Original_song_by_Iklim_transcribed_by_dina.makan__m001-008__c002870.musicxml,True,,,,2,16,8,89,2,6,3,0.033707865168539325,A2,E5,31,3,0.037037037037037035,19,4,32.0,2.78125,0.023529411764705882,95.0,4/4,0,True,44,0,39,2,20,False,True
SUNMI_Siren__NA__m003-010__c001145.musicxml,candidate_musicxml_full_bothhands\SUNMI_Siren__NA__m003-010__c001145.musicxml,True,,SUNMI(선미) _ Siren(사이렌),,2,16,8,46,3,8,0,0.0,G2,A5,38,3,0.07894736842105263,14,3,32.0,1.4375,0.06976744186046512,123.0,4/4,0,True,33,1,7,2,17,False,True
Sunset_Bugle_call__NA__m018-025__c000127.musicxml,candidate_musicxml_full_bothhands\Sunset_Bugle_call__NA__m018-025__c000127.musicxml,True,,Sunse Bugle call,,2,16,8,44,5,0,0,0.0,G2,G5,36,2,0.06896551724137931,12,4,16.0,2.75,0.1388888888888889,,2/4,0,True,21,0,10,5,17,False,True
Sunset_Bugle_call__NA__m034-041__c000129.musicxml,candidate_musicxml_full_bothhands\Sunset_Bugle_call__NA__m034-041__c000129.musicxml,True,,Sunse Bugle call,,2,16,8,46,6,0,0,0.0,E3,G5,27,1,0.038461538461538464,12,4,16.0,2.875,0.17647058823529413,80.0,2/4,0,True,23,0,5,6,7,False,True
Suona_per_Mia_Sorella_Sounds_for_My_Sister_UNFINISHED__Matthew_Antezzo__m008-015__c001791.musicxml,candidate_musicxml_full_bothhands\Suona_per_Mia_Sorella_Sounds_for_My_Sister_UNFINISHED__Matthew_Antezzo__m008-015__c001791.musicxml,True,,,,2,16,8,76,7,5,6,0.07894736842105263,E2,B5,43,1,0.018867924528301886,11,4,32.0,2.375,0.11290322580645161,98.0,4/4,0,True,43,0,12,7,7,False,True
Surprise_Symphony_In_C_By_J._Haydn__Joseph_Haydn__m002-009__c003244.musicxml,candidate_musicxml_full_bothhands\Surprise_Symphony_In_C_By_J._Haydn__Joseph_Haydn__m002-009__c003244.musicxml,True,,,,2,16,8,37,1,6,2,0.05405405405405406,C3,C5,24,1,0.03125,12,4,32.0,1.15625,0.02857142857142857,,4/4,0,True,26,0,8,1,12,False,True
Surprise_Symphony_In_C_By_J._Haydn__Joseph_Haydn__m008-015__c003245.musicxml,candidate_musicxml_full_bothhands\Surprise_Symphony_In_C_By_J._Haydn__Joseph_Haydn__m008-015__c003245.musicxml,True,,,,2,16,8,41,3,6,2,0.04878048780487805,A2,C5,27,1,0.03333333333333333,15,4,32.0,1.28125,0.08571428571428572,,4/4,0,True,26,0,6,3,15,False,True
Tell_Him__Celine_Dion_and_Barbra_Streisand_Music_and_Words_by_Linda_Thopmson__m001-008__c002175.musicxml,candidate_musicxml_full_bothhands\Tell_Him__Celine_Dion_and_Barbra_Streisand_Music_and_Words_by_Linda_Thopmson__m001-008__c002175.musicxml,True,,Tell Him,Linda Thopmson,2,16,8,90,2,11,0,0.0,D2,C5,34,2,0.024390243902439025,12,4,32.0,2.8125,0.023255813953488372,,4/4,0,True,36,2,48,0,26,False,True
Tell_Him__Celine_Dion_and_Barbra_Streisand_Music_and_Words_by_Linda_Thopmson__m006-013__c002176.musicxml,candidate_musicxml_full_bothhands\Tell_Him__Celine_Dion_and_Barbra_Streisand_Music_and_Words_by_Linda_Thopmson__m006-013__c002176.musicxml,True,,Tell Him,Linda Thopmson,2,16,8,99,2,7,0,0.0,C2,C5,36,1,0.01098901098901099,10,4,32.0,3.09375,0.021052631578947368,,4/4,0,True,29,2,64,0,31,False,True
Tell_Him__Celine_Dion_and_Barbra_Streisand_Music_and_Words_by_Linda_Thopmson__m011-018__c002177.musicxml,candidate_musicxml_full_bothhands\Tell_Him__Celine_Dion_and_Barbra_Streisand_Music_and_Words_by_Linda_Thopmson__m011-018__c002177.musicxml,True,,Tell Him,Linda Thopmson,2,16,8,111,6,10,0,0.0,C2,C5,36,1,0.010869565217391304,14,4,32.0,3.46875,0.06,,4/4,0,True,33,6,61,0,28,False,True
That_Score__Robert_van_der_Tuuk__m010-017__c003003.musicxml,candidate_musicxml_full_bothhands\That_Score__Robert_van_der_Tuuk__m010-017__c003003.musicxml,True,,That Score,Robert van der Tuuk,2,16,8,62,3,1,4,0.06451612903225806,D3,E5,26,1,0.0196078431372549,10,4,32.0,1.9375,0.05357142857142857,,4/4,0,True,33,0,20,3,10,False,True
Themes_and_variations-AlphaVersion__Cairill__m024-031__c001595.musicxml,candidate_musicxml_full_bothhands\Themes_and_variations-AlphaVersion__Cairill__m024-031__c001595.musicxml,True,,Themes and variations,Tuan Downes,2,16,8,71,9,1,2,0.028169014084507043,B1,A5,46,2,0.044444444444444446,14,4,32.0,2.21875,0.16071428571428573,,4/4,0,True,28,0,19,9,15,False,True
Themes_and_variations-AlphaVersion__Cairill__m044-051__c001596.musicxml,candidate_musicxml_full_bothhands\Themes_and_variations-AlphaVersion__Cairill__m044-051__c001596.musicxml,True,,Themes and variations,Tuan Downes,2,16,8,68,9,2,0,0.0,A2,G5,34,1,0.024390243902439025,17,5,32.0,2.125,0.17307692307692307,,4/4,0,True,32,1,11,8,12,False,True
The_Anthem_of_the_Vancouvians_version_two__Landao__m005-012__c002623.musicxml,candidate_musicxml_full_bothhands\The_Anthem_of_the_Vancouvians_version_two__Landao__m005-012__c002623.musicxml,True,,"Vancouvia, Vancouvia",Landao,2,16,8,77,8,1,2,0.025974025974025976,F2,F5,36,5,0.09615384615384616,23,6,32.0,2.40625,0.12903225806451613,,4/4,0,True,26,4,28,4,24,False,True
The_Anthem_of_the_Vancouvians_version_two__Landao__m010-017__c002624.musicxml,candidate_musicxml_full_bothhands\The_Anthem_of_the_Vancouvians_version_two__Landao__m010-017__c002624.musicxml,True,,"Vancouvia, Vancouvia",Landao,2,16,8,84,8,0,5,0.05952380952380952,F2,D5,33,1,0.015384615384615385,12,4,32.0,2.625,0.10666666666666667,,4/4,0,True,36,0,31,8,17,False,True
The_Ballad_of_Mona_Lisa_by_Panic_At_The_Disco_Piano_Accompaniment__Arranged_by_Cassie_Atkinson__m002-009__c000669.musicxml,candidate_musicxml_full_bothhands\The_Ballad_of_Mona_Lisa_by_Panic_At_The_Disco_Piano_Accompaniment__Arranged_by_Cassie_Atkinson__m002-009__c000669.musicxml,True,,The Ballad of Mona Lisa,,2,16,8,61,3,11,1,0.01639344262295082,A2,F5,32,1,0.02,12,3,32.0,1.90625,0.05454545454545454,,4/4,0,True,38,3,14,0,12,False,True
The_Crab_s_Canon__Nicholas_Sarmiento__m001-008__c002636.musicxml,candidate_musicxml_full_bothhands\The_Crab_s_Canon__Nicholas_Sarmiento__m001-008__c002636.musicxml,True,,The Crabs Canon,Nicholas Sarmiento,2,16,8,54,5,0,0,0.0,E2,E6,48,2,0.05405405405405406,14,4,16.0,3.375,0.11363636363636363,78.0,2/4,0,True,31,0,8,5,10,False,True
The_Crab_s_Canon__Nicholas_Sarmiento__m016-023__c002637.musicxml,candidate_musicxml_full_bothhands\The_Crab_s_Canon__Nicholas_Sarmiento__m016-023__c002637.musicxml,True,,The Crabs Canon,Nicholas Sarmiento,2,16,8,54,5,0,0,0.0,E2,E6,48,2,0.05405405405405406,14,4,16.0,3.375,0.11363636363636363,,2/4,0,True,30,0,9,5,10,False,True
The_Dark_Crystal_Age_of_Resistance_-_Main_Theme_Easy_Piano__Comp._Daniel_PembertonArr._Josh_Sommer__m002-009__c002859.musicxml,candidate_musicxml_full_bothhands\The_Dark_Crystal_Age_of_Resistance_-_Main_Theme_Easy_Piano__Comp._Daniel_PembertonArr._Josh_Sommer__m002-009__c002859.musicxml,True,,The Dark Crystal,Josh Sommer,2,16,8,58,1,3,1,0.017241379310344827,B-2,E5,30,1,0.018867924528301886,11,6,32.0,1.8125,0.017857142857142856,,4/4,0,True,19,1,36,0,18,False,True
The_Entertainer__Scott_Joplin__m001-008__c002707.musicxml,candidate_musicxml_full_bothhands\The_Entertainer__Scott_Joplin__m001-008__c002707.musicxml,True,,,,2,16,8,72,9,13,5,0.06944444444444445,G2,E6,45,2,0.04081632653061224,12,4,32.0,2.25,0.15,,4/4,0,True,43,1,8,8,14,False,True
The_Farm__Michael_Salvatori_Skye_Lewin_C_Paul_Johnson_Rotem_Moav_and_Pieter_Schlosser__m051-058__c000219.musicxml,candidate_musicxml_full_bothhands\The_Farm__Michael_Salvatori_Skye_Lewin_C_Paul_Johnson_Rotem_Moav_and_Pieter_Schlosser__m051-058__c000219.musicxml,True,,The Farm,,2,16,8,51,8,2,0,0.0,D2,E5,38,1,0.03225806451612903,11,4,24.0,2.125,0.1951219512195122,,3/4,0,True,29,0,4,8,4,False,True
The_Farm__Michael_Salvatori_Skye_Lewin_C_Paul_Johnson_Rotem_Moav_and_Pieter_Schlosser__m056-063__c000220.musicxml,candidate_musicxml_full_bothhands\The_Farm__Michael_Salvatori_Skye_Lewin_C_Paul_Johnson_Rotem_Moav_and_Pieter_Schlosser__m056-063__c000220.musicxml,True,,The Farm,,2,16,8,54,10,3,0,0.0,D2,E5,38,1,0.03571428571428571,11,6,24.0,2.25,0.25,,3/4,0,True,27,2,3,8,2,False,True
The_Great_War_Aftermath__Cristian_Garcia__m005-012__c000843.musicxml,candidate_musicxml_full_bothhands\The_Great_War_Aftermath__Cristian_Garcia__m005-012__c000843.musicxml,True,,The Great War,Cristian Garcia,2,16,8,52,6,10,0,0.0,G2,G5,36,1,0.02857142857142857,10,4,32.0,1.625,0.14285714285714285,,4/4,0,True,36,0,0,6,0,False,True
The_Journey__Daniel_Funderburg__m013-020__c003054.musicxml,candidate_musicxml_full_bothhands\The_Journey__Daniel_Funderburg__m013-020__c003054.musicxml,True,,My score,Daniel Funderburg,2,16,8,43,1,3,0,0.0,A2,G5,34,2,0.05263157894736842,10,4,32.0,1.34375,0.024390243902439025,,4/4,0,True,15,1,25,0,10,False,True
The_Journey__Daniel_Funderburg__m023-030__c003055.musicxml,candidate_musicxml_full_bothhands\The_Journey__Daniel_Funderburg__m023-030__c003055.musicxml,True,,My score,Daniel Funderburg,2,16,8,68,6,1,0,0.0,F2,A5,40,1,0.020833333333333332,10,6,32.0,2.125,0.10714285714285714,,4/4,0,True,27,4,23,2,14,False,True
The_March_Of_Warriors__V._J._McGovern__m025-032__c002629.musicxml,candidate_musicxml_full_bothhands\The_March_Of_Warriors__V._J._McGovern__m025-032__c002629.musicxml,True,,March,V. J. McGovern,2,16,8,65,7,0,5,0.07692307692307693,E2,A5,41,1,0.023809523809523808,10,4,32.0,2.03125,0.13725490196078433,117.0,4/4,0,True,34,0,10,7,12,False,True
The_Meadow_Harry_Poter_easy_piano__From_The_Twilight_Saga_New_Moon__m001-008__c001502.musicxml,candidate_musicxml_full_bothhands\The_Meadow_Harry_Poter_easy_piano__From_The_Twilight_Saga_New_Moon__m001-008__c001502.musicxml,True,,,,2,16,8,53,4,3,2,0.03773584905660377,G3,F6,34,2,0.05128205128205128,12,4,32.0,1.65625,0.08888888888888889,,4/4,0,True,23,0,18,4,7,False,True
The_Meadow_Harry_Poter_easy_piano__From_The_Twilight_Saga_New_Moon__m067-074__c001503.musicxml,candidate_musicxml_full_bothhands\The_Meadow_Harry_Poter_easy_piano__From_The_Twilight_Saga_New_Moon__m067-074__c001503.musicxml,True,,,,2,16,8,36,1,5,2,0.05555555555555555,E2,E6,48,2,0.0625,12,3,32.0,1.125,0.02857142857142857,,4/4,0,True,26,1,8,0,5,False,True
The_Meadow__Alexandre_Desplat__m001-008__c000174.musicxml,candidate_musicxml_full_bothhands\The_Meadow__Alexandre_Desplat__m001-008__c000174.musicxml,True,,The Meadow,Alexandre Desplat,2,16,8,67,4,3,2,0.029850746268656716,G3,F6,34,2,0.03773584905660377,12,4,32.0,2.09375,0.06779661016949153,,4/4,0,True,23,0,32,4,8,False,True
The_Minecraft_Medley__Daniel_Rosenfield_AKA_C418__m234-241__c000095.musicxml,candidate_musicxml_full_bothhands\The_Minecraft_Medley__Daniel_Rosenfield_AKA_C418__m234-241__c000095.musicxml,True,,The Minecraft Medley,C418 (AKA Daniel Rosenfeld),2,16,8,41,10,2,3,0.07317073170731707,C2,D6,50,1,0.0625,24,5,32.0,1.28125,0.35714285714285715,58.0,4/4,0,True,6,6,12,4,24,False,True
The_Minecraft_Medley__Daniel_Rosenfield_AKA_C418__m303-310__c000097.musicxml,candidate_musicxml_full_bothhands\The_Minecraft_Medley__Daniel_Rosenfield_AKA_C418__m303-310__c000097.musicxml,True,,The Minecraft Medley,C418 (AKA Daniel Rosenfeld),2,16,8,43,9,0,0,0.0,D2,C5,34,2,0.10526315789473684,15,5,32.0,1.34375,0.3,,4/4,0,True,16,6,5,3,15,False,True
The_Minecraft_Medley__Daniel_Rosenfield_AKA_C418__m429-436__c000098.musicxml,candidate_musicxml_full_bothhands\The_Minecraft_Medley__Daniel_Rosenfield_AKA_C418__m429-436__c000098.musicxml,True,,The Minecraft Medley,C418 (AKA Daniel Rosenfeld),2,16,8,88,7,0,0,0.0,E2,E6,48,1,0.013888888888888888,16,3,32.0,2.75,0.08641975308641975,80.0,4/4,0,True,38,0,36,7,12,False,True
The_Quarentine_Challenge_I_wrote_the_first_4_bars_You_write_the_rest__Various_composers__m037-044__c000598.musicxml,candidate_musicxml_full_bothhands\The_Quarentine_Challenge_I_wrote_the_first_4_bars_You_write_the_rest__Various_composers__m037-044__c000598.musicxml,True,,A Challenge,Various composers,2,16,8,57,10,8,1,0.017543859649122806,C2,D5,38,2,0.05714285714285714,10,4,32.0,1.78125,0.2127659574468085,,4/4,0,True,17,6,20,4,17,False,True
The_Quarentine_Challenge_v12__Various_composers__m037-044__c001516.musicxml,candidate_musicxml_full_bothhands\The_Quarentine_Challenge_v12__Various_composers__m037-044__c001516.musicxml,True,,A Challenge,Various composers,2,16,8,57,10,8,1,0.017543859649122806,C2,D5,38,2,0.05714285714285714,10,4,32.0,1.78125,0.2127659574468085,30.0,4/4,0,True,17,6,20,4,17,False,True
The_Raising_Fighting_Spirit__NA__m022-029__c002237.musicxml,candidate_musicxml_full_bothhands\The_Raising_Fighting_Spirit__NA__m022-029__c002237.musicxml,True,,,,2,16,8,56,2,13,4,0.07142857142857142,E2,D6,46,1,0.02,17,2,32.375,1.7297297297297298,0.037037037037037035,,4/4,0,True,16,0,36,2,19,False,True
The_Raising_Fighting_Spirit__NA__m028-035__c002238.musicxml,candidate_musicxml_full_bothhands\The_Raising_Fighting_Spirit__NA__m028-035__c002238.musicxml,True,,,,2,16,8,57,5,13,5,0.08771929824561403,E2,B5,43,2,0.044444444444444446,17,3,32.375,1.7606177606177607,0.09615384615384616,,4/4,0,True,14,0,33,5,19,False,True
The_Raising_Fighting_Spirit__NA__m034-041__c002239.musicxml,candidate_musicxml_full_bothhands\The_Raising_Fighting_Spirit__NA__m034-041__c002239.musicxml,True,,,,2,16,8,56,2,12,3,0.05357142857142857,E2,E6,48,1,0.02,17,2,32.0,1.75,0.037037037037037035,,4/4,0,True,16,0,36,2,19,False,True
The_Raising_Fighting_Spirit__NA__m039-046__c002240.musicxml,candidate_musicxml_full_bothhands\The_Raising_Fighting_Spirit__NA__m039-046__c002240.musicxml,True,,,,2,16,8,38,9,15,2,0.05263157894736842,E2,D6,46,1,0.05555555555555555,17,2,32.0,1.1875,0.3103448275862069,,4/4,0,True,5,0,15,9,17,False,True
The_Small_March_Of_Tranquility__Ignacio_Galarraga__m007-014__c001683.musicxml,candidate_musicxml_full_bothhands\The_Small_March_Of_Tranquility__Ignacio_Galarraga__m007-014__c001683.musicxml,True,,In The Stars,Ignacio Galarraga,2,16,8,42,8,2,3,0.07142857142857142,G2,A4,26,1,0.05263157894736842,10,4,24.0,1.75,0.2857142857142857,,3/4,0,True,20,0,0,8,0,False,True
The_Sound_of_Music_Sonrisas_y_l_grimas_Do_Re_Mi__Richard_Rodgers_1902-1960__m014-021__c003555.musicxml,candidate_musicxml_full_bothhands\The_Sound_of_Music_Sonrisas_y_l_grimas_Do_Re_Mi__Richard_Rodgers_1902-1960__m014-021__c003555.musicxml,True,,Do Re Mi,Richard Rodgers (1902-1960),2,16,8,70,1,0,7,0.1,C3,C5,24,2,0.03076923076923077,12,4,32.0,2.1875,0.014705882352941176,,4/4,0,True,38,1,29,0,12,False,True
Time_lost__Alex_Turnip__m149-156__c000792.musicxml,candidate_musicxml_full_bothhands\Time_lost__Alex_Turnip__m149-156__c000792.musicxml,True,,,,2,16,8,77,4,0,0,0.0,A1,E7,67,1,0.015384615384615385,18,4,32.0,2.40625,0.056338028169014086,,4/4,0,True,37,0,30,4,18,False,True
Too_close_to_the_sun__Manzarek__m014-021__c003661.musicxml,candidate_musicxml_full_bothhands\Too_close_to_the_sun__Manzarek__m014-021__c003661.musicxml,True,,Too close to the sun,Manzarek,2,16,8,79,3,0,0,0.0,D2,D6,48,1,0.014084507042253521,21,3,32.0,2.46875,0.039473684210526314,,4/4,0,True,41,3,32,0,12,False,True
Tove_Lo_-_Habits_Stay_High_-_Hippie_Sabotage_Remix_Piano__Composer__m028-035__c003070.musicxml,candidate_musicxml_full_bothhands\Tove_Lo_-_Habits_Stay_High_-_Hippie_Sabotage_Remix_Piano__Composer__m028-035__c003070.musicxml,True,,Title,Composer,2,16,8,78,8,5,0,0.0,C2,C5,36,1,0.019230769230769232,11,4,32.0,2.4375,0.12903225806451613,,4/4,0,True,39,0,15,8,11,False,True
To_Zanarkand__Masahi_Hamauzu__m039-046__c002128.musicxml,candidate_musicxml_full_bothhands\To_Zanarkand__Masahi_Hamauzu__m039-046__c002128.musicxml,True,,To Zanarkand,Masahi Hamauzu,2,16,8,41,6,3,4,0.0975609756097561,A2,E6,43,2,0.07407407407407407,23,3,32.0,1.28125,0.17142857142857143,,4/4,0,True,15,5,14,1,31,False,True
Training_for_piano__Composser_Armayl_Ansari__m017-024__c001433.musicxml,candidate_musicxml_full_bothhands\Training_for_piano__Composser_Armayl_Ansari__m017-024__c001433.musicxml,True,,Training for piano,Armayl Ansari,2,16,8,64,2,0,0,0.0,B1,E5,41,1,0.017241379310344827,11,2,32.0,2.0,0.03225806451612903,,4/4,0,True,20,2,40,0,25,False,True
Training_for_piano__Composser_Armayl_Ansari__m027-034__c001434.musicxml,candidate_musicxml_full_bothhands\Training_for_piano__Composser_Armayl_Ansari__m027-034__c001434.musicxml,True,,Training for piano,Armayl Ansari,2,16,8,72,4,0,0,0.0,E3,F6,37,1,0.016129032258064516,16,3,32.0,2.25,0.058823529411764705,,4/4,0,True,48,0,16,4,8,False,True
triste__NA__m010-017__c002779.musicxml,candidate_musicxml_full_bothhands\triste__NA__m010-017__c002779.musicxml,True,,soledad,,2,16,8,97,7,6,0,0.0,F3,E6,35,1,0.0125,12,4,32.0,3.03125,0.07865168539325842,,4/4,0,True,27,7,55,0,24,False,True
Tu_canci_n_-_Alfred_y_Amaia__Rau1G0mez__m006-013__c003127.musicxml,candidate_musicxml_full_bothhands\Tu_canci_n_-_Alfred_y_Amaia__Rau1G0mez__m006-013__c003127.musicxml,True,,Alfred y Amaia,Copia de partirura: Alba Cedran,2,16,8,40,7,5,0,0.0,B2,E5,29,2,0.1111111111111111,14,4,24.0,1.6666666666666667,0.2692307692307692,,3/4,0,True,19,0,0,7,0,False,True
Twinkle_Twinkle_Little_Star__NA__m018-025__c001142.musicxml,candidate_musicxml_full_bothhands\Twinkle_Twinkle_Little_Star__NA__m018-025__c001142.musicxml,True,,,,2,16,8,88,7,0,0,0.0,C4,A6,33,1,0.013888888888888888,10,3,32.0,2.75,0.08641975308641975,,4/4,0,True,34,1,40,6,16,False,True
undertale__Arr._Rayner_Gabrielle__m049-056__c001660.musicxml,candidate_musicxml_full_bothhands\undertale__Arr._Rayner_Gabrielle__m049-056__c001660.musicxml,True,,MONSTERTALE,Rayner Gabrielle,2,16,8,48,10,5,3,0.0625,B-1,A6,59,1,0.037037037037037035,24,3,32.0,1.5,0.2631578947368421,280.0,4/4,0,True,28,0,0,10,0,False,True
unfinished_song__Eleanor_Merrill__m001-008__c003620.musicxml,candidate_musicxml_full_bothhands\unfinished_song__Eleanor_Merrill__m001-008__c003620.musicxml,True,,,Eleanor Merrill,2,16,8,32,8,4,0,0.0,A2,E5,31,2,0.2857142857142857,11,4,32.0,1.0,0.5,96.0,4/4,0,True,8,0,0,8,0,False,True
Untitled-2__NA__m021-028__c003365.musicxml,candidate_musicxml_full_bothhands\Untitled-2__NA__m021-028__c003365.musicxml,True,,,,2,16,8,47,5,4,4,0.0851063829787234,G2,C5,29,1,0.029411764705882353,23,5,32.0,1.46875,0.12195121951219512,,4/4,0,True,16,2,20,3,9,False,True
Vahane_s_Song_Hey_Vahane__Aris_Tashan__m010-017__c002148.musicxml,candidate_musicxml_full_bothhands\Vahane_s_Song_Hey_Vahane__Aris_Tashan__m010-017__c002148.musicxml,True,,Vahane's Song (I Remember When),Aris Tashan,2,16,8,117,8,1,4,0.03418803418803419,F2,E6,47,2,0.020202020202020204,16,3,32.0,3.65625,0.07339449541284404,,4/4,0,True,45,0,56,8,11,False,True
Valez_Addormentato__JaydenZap__m041-048__c002768.musicxml,candidate_musicxml_full_bothhands\Valez_Addormentato__JaydenZap__m041-048__c002768.musicxml,True,,Valez Addormentato,JaydenZap,2,16,8,72,7,23,3,0.041666666666666664,C1,F5,53,1,0.017857142857142856,11,2,32.0,2.25,0.1076923076923077,,4/4,0,True,31,5,27,2,24,False,True
Variations_in_C__NA__m030-037__c000481.musicxml,candidate_musicxml_full_bothhands\Variations_in_C__NA__m030-037__c000481.musicxml,True,,Etude Op. 3 No. 1,,2,16,8,68,1,0,0,0.0,A2,C5,27,1,0.015625,12,3,32.0,2.125,0.014925373134328358,,4/4,0,True,40,0,26,1,10,False,True
Variations__Bart_k_B_la_Sz._107__m017-024__c001209.musicxml,candidate_musicxml_full_bothhands\Variations__Bart_k_B_la_Sz._107__m017-024__c001209.musicxml,True,,Variations,"Bartók Béla, Sz. 107",2,16,8,42,9,7,4,0.09523809523809523,C3,G5,31,1,0.045454545454545456,10,3,16.0,2.625,0.2727272727272727,112.0,2/4,0,True,15,3,9,6,7,False,True
Variation_of_Canon_in_C__J._Pachelbel__m052-059__c001263.musicxml,candidate_musicxml_full_bothhands\Variation_of_Canon_in_C__J._Pachelbel__m052-059__c001263.musicxml,True,,canon,,2,16,8,95,7,0,0,0.0,G1,E5,45,1,0.012658227848101266,12,3,32.0,2.96875,0.07954545454545454,,4/4,0,True,49,7,32,0,21,False,True
Variation_of_Canon_in_C__J._Pachelbel__m057-064__c001264.musicxml,candidate_musicxml_full_bothhands\Variation_of_Canon_in_C__J._Pachelbel__m057-064__c001264.musicxml,True,,canon,,2,16,8,93,5,0,0,0.0,G1,E5,45,1,0.012345679012345678,12,3,32.0,2.90625,0.056818181818181816,,4/4,0,True,51,5,32,0,21,False,True
Venice__Majeri_Gabriel__m004-011__c003566.musicxml,candidate_musicxml_full_bothhands\Venice__Majeri_Gabriel__m004-011__c003566.musicxml,True,,,,2,16,8,50,1,4,0,0.0,B2,E5,29,1,0.021739130434782608,12,3,16.0,3.125,0.02040816326530612,,2/4,0,True,26,1,22,0,8,False,True
Vingt_danses_enfantines_pour_piano__XX__m1090-1097__c001302.musicxml,candidate_musicxml_full_bothhands\Vingt_danses_enfantines_pour_piano__XX__m1090-1097__c001302.musicxml,True,,,,2,16,8,55,3,3,0,0.0,C3,F5,29,1,0.02127659574468085,14,3,16.0,3.4375,0.057692307692307696,,2/4,0,True,21,0,28,3,16,False,True
Vingt_danses_enfantines_pour_piano__XX__m1095-1102__c001303.musicxml,candidate_musicxml_full_bothhands\Vingt_danses_enfantines_pour_piano__XX__m1095-1102__c001303.musicxml,True,,,,2,16,8,54,3,3,0,0.0,C3,G5,31,1,0.021739130434782608,14,3,16.0,3.375,0.058823529411764705,,2/4,0,True,20,0,28,3,14,False,True
Vingt_danses_enfantines_pour_piano__XX__m1247-1254__c001306.musicxml,candidate_musicxml_full_bothhands\Vingt_danses_enfantines_pour_piano__XX__m1247-1254__c001306.musicxml,True,,,,2,16,8,77,6,0,0,0.0,C3,A5,33,1,0.017543859649122806,10,4,16.0,4.8125,0.09230769230769231,,2/4,0,True,34,0,25,6,10,False,True
Vingt_danses_enfantines_pour_piano__XX__m2030-2037__c001321.musicxml,candidate_musicxml_full_bothhands\Vingt_danses_enfantines_pour_piano__XX__m2030-2037__c001321.musicxml,True,,,,2,16,8,59,1,3,1,0.01694915254237288,B2,B5,36,1,0.01818181818181818,10,3,16.0,3.6875,0.017241379310344827,,2/4,0,True,29,0,28,1,10,False,True
Vingt_danses_enfantines_pour_piano__XX__m206-213__c001281.musicxml,candidate_musicxml_full_bothhands\Vingt_danses_enfantines_pour_piano__XX__m206-213__c001281.musicxml,True,,,,2,16,8,71,7,4,2,0.028169014084507043,G2,G5,36,3,0.061224489795918366,12,4,16.0,4.4375,0.1206896551724138,,2/4,0,True,34,0,17,7,19,False,True
Vingt_danses_enfantines_pour_piano__XX__m522-529__c001292.musicxml,candidate_musicxml_full_bothhands\Vingt_danses_enfantines_pour_piano__XX__m522-529__c001292.musicxml,True,,,,2,16,8,54,10,10,4,0.07407407407407407,C3,E6,40,3,0.09375,14,3,24.0,2.25,0.22727272727272727,,3/4,0,True,26,0,8,10,7,False,True
Vingt_danses_enfantines_pour_piano__XX__m555-562__c001296.musicxml,candidate_musicxml_full_bothhands\Vingt_danses_enfantines_pour_piano__XX__m555-562__c001296.musicxml,True,,,,2,16,8,49,8,11,1,0.02040816326530612,C3,A5,33,1,0.03225806451612903,14,3,24.0,2.0416666666666665,0.1951219512195122,,3/4,0,True,25,0,8,8,9,False,True
Void__Braden_A._Jones__m024-031__c002346.musicxml,candidate_musicxml_full_bothhands\Void__Braden_A._Jones__m024-031__c002346.musicxml,True,,,,2,16,8,167,9,0,0,0.0,F2,C6,43,1,0.007246376811594203,12,4,32.0,5.21875,0.06040268456375839,,4/4,0,True,128,0,12,9,11,False,True
Void__Braden_A._Jones__m031-038__c002347.musicxml,candidate_musicxml_full_bothhands\Void__Braden_A._Jones__m031-038__c002347.musicxml,True,,,,2,16,8,164,4,0,0,0.0,F2,C6,43,1,0.006666666666666667,12,4,32.0,5.125,0.02564102564102564,,4/4,0,True,128,0,24,4,11,False,True
W._A._Mozart_Allegro_in_C_Major_K1b__W._A._Mozart__m002-009__c000217.musicxml,candidate_musicxml_full_bothhands\W._A._Mozart_Allegro_in_C_Major_K1b__W._A._Mozart__m002-009__c000217.musicxml,True,,MENUETT No. 1 mit TRIO,W. A. Mozart,2,16,8,48,2,17,0,0.0,G2,C6,41,2,0.047619047619047616,12,3,16.0,3.0,0.043478260869565216,,2/4,0,True,30,2,14,0,24,False,True
walking_bass_-_clase_jess__Pr_ctica_Decibelia__m010-017__c001692.musicxml,candidate_musicxml_full_bothhands\walking_bass_-_clase_jess__Pr_ctica_Decibelia__m010-017__c001692.musicxml,True,,Clase Jesus,Práctica Decibelia,2,16,8,41,8,4,2,0.04878048780487805,E3,G5,27,1,0.058823529411764705,12,4,32.0,1.28125,0.3076923076923077,,4/4,0,True,18,0,0,8,0,False,True
walking_bass_-_clase_jess__Pr_ctica_Decibelia__m015-022__c001693.musicxml,candidate_musicxml_full_bothhands\walking_bass_-_clase_jess__Pr_ctica_Decibelia__m015-022__c001693.musicxml,True,,Clase Jesus,Práctica Decibelia,2,16,8,45,8,3,2,0.044444444444444446,E3,G5,27,1,0.047619047619047616,12,4,32.0,1.40625,0.26666666666666666,,4/4,0,True,22,0,0,8,0,False,True
Walz_in_C-Major__NA__m029-036__c000948.musicxml,candidate_musicxml_full_bothhands\Walz_in_C-Major__NA__m029-036__c000948.musicxml,True,,Waltz Adventer,,2,16,8,51,4,2,0,0.0,C4,D6,26,1,0.024390243902439025,12,3,24.0,2.125,0.0851063829787234,,3/4,0,True,23,0,20,4,14,False,True
We_are_the_crystal_gems__NA__m043-050__c002873.musicxml,candidate_musicxml_full_bothhands\We_are_the_crystal_gems__NA__m043-050__c002873.musicxml,True,,,,2,16,8,33,2,1,2,0.06060606060606061,C2,A4,33,1,0.037037037037037035,12,3,32.0,1.03125,0.06451612903225806,,4/4,0,True,23,0,6,2,9,False,True
We_ll_Be_Alright_Weathering_With_You_OST_Piano__Arranged_by_stardusstt__m005-012__c000240.musicxml,candidate_musicxml_full_bothhands\We_ll_Be_Alright_Weathering_With_You_OST_Piano__Arranged_by_stardusstt__m005-012__c000240.musicxml,True,,大丈夫 (Movie edit),Arranged by stardusstt,2,16,8,65,3,0,0,0.0,F2,C5,31,2,0.03508771929824561,12,3,32.0,2.03125,0.04838709677419355,,4/4,0,True,48,1,11,2,12,False,True
Who_Killed_Markiplier_-_Final_Scene__Dan_Ring__m015-022__c002537.musicxml,candidate_musicxml_full_bothhands\Who_Killed_Markiplier_-_Final_Scene__Dan_Ring__m015-022__c002537.musicxml,True,,Who Killed Markiplier?,Dan Ring,2,16,8,83,5,3,1,0.012048192771084338,B-1,E6,54,2,0.028169014084507043,34,4,32.0,2.59375,0.0641025641025641,,4/4,0,True,69,3,4,2,4,False,True
Who_Killed_Markiplier_-_Final_Scene__Dan_Ring__m051-058__c002538.musicxml,candidate_musicxml_full_bothhands\Who_Killed_Markiplier_-_Final_Scene__Dan_Ring__m051-058__c002538.musicxml,True,,Who Killed Markiplier?,Dan Ring,2,16,8,37,8,7,2,0.05405405405405406,F1,A5,52,1,0.05263157894736842,22,4,32.0,1.15625,0.27586206896551724,,4/4,0,True,18,2,3,6,0,False,True
why__Julia_Christine_Patrone__m001-008__c001757.musicxml,candidate_musicxml_full_bothhands\why__Julia_Christine_Patrone__m001-008__c001757.musicxml,True,,why.,,2,16,8,36,5,13,1,0.027777777777777776,F2,G5,38,1,0.05263157894736842,12,4,32.0,1.125,0.19230769230769232,96.0,4/4,0,True,11,0,10,5,11,False,True
why__Julia_Christine_Patrone__m007-014__c001758.musicxml,candidate_musicxml_full_bothhands\why__Julia_Christine_Patrone__m007-014__c001758.musicxml,True,,why.,,2,16,8,72,8,12,0,0.0,F2,A5,40,2,0.043478260869565216,12,4,32.0,2.25,0.14285714285714285,,4/4,0,True,25,4,23,4,14,False,True
why__Julia_Christine_Patrone__m026-033__c001759.musicxml,candidate_musicxml_full_bothhands\why__Julia_Christine_Patrone__m026-033__c001759.musicxml,True,,why.,,2,16,8,64,9,7,2,0.03125,F2,C5,31,2,0.05405405405405406,12,5,32.0,2.0,0.1875,,4/4,0,True,31,1,8,8,11,False,True
why__Julia_Christine_Patrone__m043-050__c001760.musicxml,candidate_musicxml_full_bothhands\why__Julia_Christine_Patrone__m043-050__c001760.musicxml,True,,why.,,2,16,8,92,4,9,0,0.0,G2,A5,38,1,0.01282051282051282,12,6,32.0,2.875,0.047619047619047616,105.0,4/4,0,True,46,1,34,3,14,False,True
Winds_of_Wild__Oscar_Horak__m044-051__c001951.musicxml,candidate_musicxml_full_bothhands\Winds_of_Wild__Oscar_Horak__m044-051__c001951.musicxml,True,,Un-named,Oscar Horak,2,16,8,32,8,0,0,0.0,C2,C7,60,2,0.2857142857142857,10,4,32.0,1.0,0.5,,4/4,0,True,8,0,0,8,0,False,True
Winter_in_June__Young_Eun_Kim__m001-008__c003671.musicxml,candidate_musicxml_full_bothhands\Winter_in_June__Young_Eun_Kim__m001-008__c003671.musicxml,True,,Winter in June,Young Eun Kim,2,16,8,65,7,0,0,0.0,F3,B5,30,3,0.06382978723404255,14,4,32.0,2.03125,0.125,,4/4,0,True,35,7,14,0,16,False,True
Wolfgang_Amadeus_Mozart_-_Morgen_kommt_der_Weihnachtsmann__Wolfgang_Amadeus_Mozart_1756_-_1791__m025-032__c003278.musicxml,candidate_musicxml_full_bothhands\Wolfgang_Amadeus_Mozart_-_Morgen_kommt_der_Weihnachtsmann__Wolfgang_Amadeus_Mozart_1756_-_1791__m025-032__c003278.musicxml,True,,,,2,16,8,72,1,4,5,0.06944444444444445,C3,E6,40,1,0.014705882352941176,12,3,16.0,4.5,0.014084507042253521,,2/4,0,True,53,0,17,1,17,False,True
Wolfgang_Amadeus_Mozart_-_Morgen_kommt_der_Weihnachtsmann__Wolfgang_Amadeus_Mozart_1756_-_1791__m042-049__c003279.musicxml,candidate_musicxml_full_bothhands\Wolfgang_Amadeus_Mozart_-_Morgen_kommt_der_Weihnachtsmann__Wolfgang_Amadeus_Mozart_1756_-_1791__m042-049__c003279.musicxml,True,,,,2,16,8,70,1,4,5,0.07142857142857142,C3,E6,40,2,0.030303030303030304,12,3,16.0,4.375,0.014492753623188406,,2/4,0,True,53,0,15,1,17,False,True
Wolfgang_Amadeus_Mozart_-_Morgen_kommt_der_Weihnachtsmann__Wolfgang_Amadeus_Mozart_1756_-_1791__m074-081__c003280.musicxml,candidate_musicxml_full_bothhands\Wolfgang_Amadeus_Mozart_-_Morgen_kommt_der_Weihnachtsmann__Wolfgang_Amadeus_Mozart_1756_-_1791__m074-081__c003280.musicxml,True,,,,2,16,8,38,7,22,0,0.0,C3,A5,33,1,0.045454545454545456,12,2,16.0,2.375,0.22580645161290322,,2/4,0,True,8,7,16,0,17,False,True
Wolfgang_Amadeus_Mozart_-_Morgen_kommt_der_Weihnachtsmann__Wolfgang_Amadeus_Mozart_1756_-_1791__m130-137__c003282.musicxml,candidate_musicxml_full_bothhands\Wolfgang_Amadeus_Mozart_-_Morgen_kommt_der_Weihnachtsmann__Wolfgang_Amadeus_Mozart_1756_-_1791__m130-137__c003282.musicxml,True,,,,2,16,8,62,8,2,2,0.03225806451612903,G3,E6,33,2,0.044444444444444446,12,3,16.0,3.875,0.14814814814814814,,2/4,0,True,46,0,0,8,0,False,True
w__NA__m001-008__c001879.musicxml,candidate_musicxml_full_bothhands\w__NA__m001-008__c001879.musicxml,True,,Hells Door,,2,16,8,70,10,29,0,0.0,A2,D6,41,1,0.020833333333333332,29,3,32.0,2.1875,0.16666666666666666,,4/4,0,True,40,0,10,10,2,False,True
Y-night__V.C__m002-009__c003810.musicxml,candidate_musicxml_full_bothhands\Y-night__V.C__m002-009__c003810.musicxml,True,,Y-night,,2,16,8,49,3,0,0,0.0,F2,F5,36,2,0.04878048780487805,11,2,32.0,1.53125,0.06521739130434782,,4/4,0,True,17,0,26,3,14,False,True
Y-night__V.C__m010-017__c003811.musicxml,candidate_musicxml_full_bothhands\Y-night__V.C__m010-017__c003811.musicxml,True,,Y-night,,2,16,8,47,3,1,0,0.0,F2,A5,40,2,0.05128205128205128,11,2,32.0,1.46875,0.06818181818181818,,4/4,0,True,15,0,26,3,14,False,True
Y-night__V.C__m020-027__c003812.musicxml,candidate_musicxml_full_bothhands\Y-night__V.C__m020-027__c003812.musicxml,True,,Y-night,,2,16,8,45,2,1,0,0.0,F2,F5,36,1,0.02564102564102564,11,2,32.0,1.40625,0.046511627906976744,,4/4,0,True,13,0,28,2,14,False,True
Y-night__V.C__m043-050__c003813.musicxml,candidate_musicxml_full_bothhands\Y-night__V.C__m043-050__c003813.musicxml,True,,Y-night,,2,16,8,49,3,0,0,0.0,F2,F5,36,2,0.04878048780487805,11,2,32.0,1.53125,0.06521739130434782,,4/4,0,True,17,0,26,3,14,False,True
Y-night__V.C__m055-062__c003814.musicxml,candidate_musicxml_full_bothhands\Y-night__V.C__m055-062__c003814.musicxml,True,,Y-night,,2,16,8,45,1,1,1,0.022222222222222223,F2,B5,42,1,0.024390243902439025,10,2,32.0,1.40625,0.022727272727272728,,4/4,0,True,13,0,30,1,19,False,True
Y-night__V.C__m091-098__c003815.musicxml,candidate_musicxml_full_bothhands\Y-night__V.C__m091-098__c003815.musicxml,True,,Y-night,,2,16,8,49,3,0,0,0.0,F2,F5,36,2,0.04878048780487805,11,2,32.0,1.53125,0.06521739130434782,,4/4,0,True,17,0,26,3,14,False,True
Y-night__V.C__m099-106__c003816.musicxml,candidate_musicxml_full_bothhands\Y-night__V.C__m099-106__c003816.musicxml,True,,Y-night,,2,16,8,47,3,1,0,0.0,F2,A5,40,2,0.05128205128205128,11,2,32.0,1.46875,0.06818181818181818,,4/4,0,True,15,0,26,3,14,False,True
Y-night__V.C__m109-116__c003817.musicxml,candidate_musicxml_full_bothhands\Y-night__V.C__m109-116__c003817.musicxml,True,,Y-night,,2,16,8,47,2,0,0,0.0,F2,F5,36,1,0.024390243902439025,11,2,32.0,1.46875,0.044444444444444446,,4/4,0,True,15,0,28,2,16,False,True
